user_id,amount,category,location,device_type,transaction_type,fraud_status,risk_level,fraud_probability,anomaly_score,confidence,prediction_factors,status,transaction_time,created_at
USR-0001,40110,Electronics,"London, UK",Desktop,payment,normal,low,0.07,0.08,0.83,"[""Amount: 40110"", ""Location: London, UK"", ""Device: Desktop""]",completed,2026-02-01T13:00:00,2026-02-01T13:00:00
USR-0001,9706,Electronics,"London, UK",Desktop,payment,normal,low,0.05,0.13,0.94,"[""Amount: 9706"", ""Location: London, UK"", ""Device: Desktop""]",completed,2026-02-02T10:00:00,2026-02-02T10:00:00
USR-0001,46179,Travel,"London, UK",Desktop,payment,normal,low,0.1,0.09,0.98,"[""Amount: 46179"", ""Location: London, UK"", ""Device: Desktop""]",completed,2026-02-04T01:00:00,2026-02-04T01:00:00
USR-0001,107650,Travel,"London, UK",Desktop,withdrawal,normal,low,0.11,0.13,0.92,"[""Amount: 107650"", ""Location: London, UK"", ""Device: Desktop""]",completed,2026-02-05T07:00:00,2026-02-05T07:00:00
USR-0001,6812,Other,"London, UK",Desktop,payment,normal,low,0.07,0.09,0.87,"[""Amount: 6812"", ""Location: London, UK"", ""Device: Desktop""]",completed,2026-02-06T03:00:00,2026-02-06T03:00:00
USR-0001,127716,Other,"London, UK",Mobile,purchase,anomaly,medium,0.63,0.5,0.82,"[""Amount: 127716"", ""Location: London, UK"", ""Device: Mobile""]",completed,2026-02-06T14:00:00,2026-02-06T14:00:00
USR-0001,37178,Electronics,"London, UK",Desktop,payment,normal,low,0.02,0.06,0.96,"[""Amount: 37178"", ""Location: London, UK"", ""Device: Desktop""]",completed,2026-02-07T19:00:00,2026-02-07T19:00:00
USR-0001,83467,Other,"London, UK",Desktop,transfer,normal,low,0.11,0.12,0.82,"[""Amount: 83467"", ""Location: London, UK"", ""Device: Desktop""]",completed,2026-02-08T20:00:00,2026-02-08T20:00:00
USR-0001,271999,Retail,"Mumbai, IN",Unknown,payment,fraud,high,0.92,0.87,0.83,"[""Amount: 271999"", ""Location: Mumbai, IN"", ""Device: Unknown""]",completed,2026-02-10T08:00:00,2026-02-10T08:00:00
USR-0001,64957,Travel,"London, UK",Desktop,transfer,normal,low,0.07,0.11,0.92,"[""Amount: 64957"", ""Location: London, UK"", ""Device: Desktop""]",completed,2026-02-11T05:00:00,2026-02-11T05:00:00
USR-0001,45776,Electronics,"London, UK",Desktop,payment,normal,low,0.1,0.06,0.87,"[""Amount: 45776"", ""Location: London, UK"", ""Device: Desktop""]",completed,2026-02-12T07:00:00,2026-02-12T07:00:00
USR-0001,236365,Electronics,"London, UK",Tablet,withdrawal,anomaly,medium,0.59,0.65,0.96,"[""Amount: 236365"", ""Location: London, UK"", ""Device: Tablet""]",completed,2026-02-12T18:00:00,2026-02-12T18:00:00
USR-0001,44939,Other,"London, UK",Desktop,purchase,normal,low,0.1,0.07,0.81,"[""Amount: 44939"", ""Location: London, UK"", ""Device: Desktop""]",completed,2026-02-14T05:00:00,2026-02-14T05:00:00
USR-0001,64446,Other,"London, UK",Desktop,payment,normal,low,0.1,0.05,0.91,"[""Amount: 64446"", ""Location: London, UK"", ""Device: Desktop""]",completed,2026-02-14T15:00:00,2026-02-14T15:00:00
USR-0001,168743,Entertainment,"London, UK",Tablet,withdrawal,anomaly,medium,0.68,0.67,0.87,"[""Amount: 168743"", ""Location: London, UK"", ""Device: Tablet""]",completed,2026-02-15T14:00:00,2026-02-15T14:00:00
USR-0001,7241,Travel,"London, UK",Desktop,purchase,normal,low,0.1,0.12,0.9,"[""Amount: 7241"", ""Location: London, UK"", ""Device: Desktop""]",completed,2026-02-17T05:00:00,2026-02-17T05:00:00
USR-0001,269891,Other,"London, UK",Tablet,withdrawal,anomaly,medium,0.68,0.62,0.98,"[""Amount: 269891"", ""Location: London, UK"", ""Device: Tablet""]",completed,2026-02-17T10:00:00,2026-02-17T10:00:00
USR-0001,59989,Travel,"London, UK",Desktop,transfer,normal,low,0.14,0.08,0.81,"[""Amount: 59989"", ""Location: London, UK"", ""Device: Desktop""]",completed,2026-02-18T15:00:00,2026-02-18T15:00:00
USR-0001,43468,Retail,"London, UK",Desktop,withdrawal,normal,low,0.02,0.05,0.82,"[""Amount: 43468"", ""Location: London, UK"", ""Device: Desktop""]",completed,2026-02-20T00:00:00,2026-02-20T00:00:00
USR-0001,66229,Entertainment,"London, UK",Desktop,transfer,normal,low,0.11,0.06,0.86,"[""Amount: 66229"", ""Location: London, UK"", ""Device: Desktop""]",completed,2026-02-20T13:00:00,2026-02-20T13:00:00
USR-0002,10235,Entertainment,"Tokyo, JP",Mobile,withdrawal,normal,low,0.13,0.05,0.95,"[""Amount: 10235"", ""Location: Tokyo, JP"", ""Device: Mobile""]",completed,2026-02-01T16:00:00,2026-02-01T16:00:00
USR-0002,38184,Electronics,"Tokyo, JP",Mobile,purchase,normal,low,0.05,0.07,0.93,"[""Amount: 38184"", ""Location: Tokyo, JP"", ""Device: Mobile""]",completed,2026-02-02T10:00:00,2026-02-02T10:00:00
USR-0002,146153,Retail,"Tokyo, JP",Tablet,withdrawal,anomaly,medium,0.59,0.76,0.94,"[""Amount: 146153"", ""Location: Tokyo, JP"", ""Device: Tablet""]",completed,2026-02-04T06:00:00,2026-02-04T06:00:00
USR-0002,32201,Travel,"Tokyo, JP",Mobile,transfer,normal,low,0.12,0.09,0.83,"[""Amount: 32201"", ""Location: Tokyo, JP"", ""Device: Mobile""]",completed,2026-02-04T23:00:00,2026-02-04T23:00:00
USR-0002,104084,Travel,"London, UK",Unknown,transfer,fraud,high,0.96,0.92,0.99,"[""Amount: 104084"", ""Location: London, UK"", ""Device: Unknown""]",completed,2026-02-05T09:00:00,2026-02-05T09:00:00
USR-0002,125826,Entertainment,"Tokyo, JP",Mobile,withdrawal,anomaly,medium,0.52,0.61,0.95,"[""Amount: 125826"", ""Location: Tokyo, JP"", ""Device: Mobile""]",completed,2026-02-06T19:00:00,2026-02-06T19:00:00
USR-0002,32710,Other,"Tokyo, JP",Mobile,purchase,normal,low,0.06,0.19,0.96,"[""Amount: 32710"", ""Location: Tokyo, JP"", ""Device: Mobile""]",completed,2026-02-08T08:00:00,2026-02-08T08:00:00
USR-0002,66481,Other,"Tokyo, JP",Mobile,purchase,normal,low,0.07,0.16,0.94,"[""Amount: 66481"", ""Location: Tokyo, JP"", ""Device: Mobile""]",completed,2026-02-08T12:00:00,2026-02-08T12:00:00
USR-0002,66281,Travel,"Tokyo, JP",Mobile,payment,normal,low,0.02,0.19,0.9,"[""Amount: 66281"", ""Location: Tokyo, JP"", ""Device: Mobile""]",completed,2026-02-09T14:00:00,2026-02-09T14:00:00
USR-0002,64974,Electronics,"Tokyo, JP",Mobile,payment,normal,low,0.13,0.1,0.97,"[""Amount: 64974"", ""Location: Tokyo, JP"", ""Device: Mobile""]",completed,2026-02-11T00:00:00,2026-02-11T00:00:00
USR-0002,167633,Travel,"Mumbai, IN",Unknown,payment,fraud,high,0.9,0.8,0.97,"[""Amount: 167633"", ""Location: Mumbai, IN"", ""Device: Unknown""]",completed,2026-02-11T18:00:00,2026-02-11T18:00:00
USR-0002,49904,Electronics,"Tokyo, JP",Mobile,purchase,normal,low,0.02,0.1,0.98,"[""Amount: 49904"", ""Location: Tokyo, JP"", ""Device: Mobile""]",completed,2026-02-13T00:00:00,2026-02-13T00:00:00
USR-0002,69188,Travel,"Tokyo, JP",Mobile,purchase,normal,low,0.14,0.14,0.92,"[""Amount: 69188"", ""Location: Tokyo, JP"", ""Device: Mobile""]",completed,2026-02-14T00:00:00,2026-02-14T00:00:00
USR-0002,34555,Retail,"Tokyo, JP",Mobile,purchase,normal,low,0.07,0.09,0.86,"[""Amount: 34555"", ""Location: Tokyo, JP"", ""Device: Mobile""]",completed,2026-02-15T04:00:00,2026-02-15T04:00:00
USR-0002,241658,Retail,"New York, US",Unknown,transfer,fraud,high,0.94,0.91,0.95,"[""Amount: 241658"", ""Location: New York, US"", ""Device: Unknown""]",completed,2026-02-16T08:00:00,2026-02-16T08:00:00
USR-0002,28013,Retail,"Tokyo, JP",Mobile,payment,normal,low,0.12,0.06,0.89,"[""Amount: 28013"", ""Location: Tokyo, JP"", ""Device: Mobile""]",completed,2026-02-17T01:00:00,2026-02-17T01:00:00
USR-0002,58584,Other,"Tokyo, JP",Mobile,payment,normal,low,0.02,0.13,0.88,"[""Amount: 58584"", ""Location: Tokyo, JP"", ""Device: Mobile""]",completed,2026-02-17T11:00:00,2026-02-17T11:00:00
USR-0002,18527,Travel,"Tokyo, JP",Mobile,purchase,normal,low,0.13,0.1,0.82,"[""Amount: 18527"", ""Location: Tokyo, JP"", ""Device: Mobile""]",completed,2026-02-18T16:00:00,2026-02-18T16:00:00
USR-0002,65908,Electronics,"Tokyo, JP",Mobile,purchase,normal,low,0.03,0.16,0.92,"[""Amount: 65908"", ""Location: Tokyo, JP"", ""Device: Mobile""]",completed,2026-02-20T07:00:00,2026-02-20T07:00:00
USR-0002,32917,Other,"Tokyo, JP",Mobile,payment,normal,low,0.02,0.06,0.93,"[""Amount: 32917"", ""Location: Tokyo, JP"", ""Device: Mobile""]",completed,2026-02-20T10:00:00,2026-02-20T10:00:00
USR-0003,125754,Entertainment,"Tokyo, JP",Mobile,withdrawal,anomaly,medium,0.42,0.75,0.93,"[""Amount: 125754"", ""Location: Tokyo, JP"", ""Device: Mobile""]",completed,2026-02-01T15:00:00,2026-02-01T15:00:00
USR-0003,99371,Other,"Paris, FR",Unknown,withdrawal,fraud,high,0.86,0.81,0.99,"[""Amount: 99371"", ""Location: Paris, FR"", ""Device: Unknown""]",completed,2026-02-02T15:00:00,2026-02-02T15:00:00
USR-0003,39267,Electronics,"Tokyo, JP",Desktop,payment,normal,low,0.06,0.11,0.95,"[""Amount: 39267"", ""Location: Tokyo, JP"", ""Device: Desktop""]",completed,2026-02-04T08:00:00,2026-02-04T08:00:00
USR-0003,31807,Other,"Tokyo, JP",Desktop,payment,normal,low,0.14,0.2,0.94,"[""Amount: 31807"", ""Location: Tokyo, JP"", ""Device: Desktop""]",completed,2026-02-05T08:00:00,2026-02-05T08:00:00
USR-0003,55053,Travel,"Tokyo, JP",Desktop,withdrawal,normal,low,0.06,0.06,0.95,"[""Amount: 55053"", ""Location: Tokyo, JP"", ""Device: Desktop""]",completed,2026-02-05T15:00:00,2026-02-05T15:00:00
USR-0003,15010,Other,"Tokyo, JP",Desktop,withdrawal,normal,low,0.09,0.11,0.97,"[""Amount: 15010"", ""Location: Tokyo, JP"", ""Device: Desktop""]",completed,2026-02-06T14:00:00,2026-02-06T14:00:00
USR-0003,55424,Retail,"Tokyo, JP",Desktop,payment,normal,low,0.03,0.12,0.8,"[""Amount: 55424"", ""Location: Tokyo, JP"", ""Device: Desktop""]",completed,2026-02-07T11:00:00,2026-02-07T11:00:00
USR-0003,68808,Electronics,"Tokyo, JP",Desktop,payment,normal,low,0.08,0.06,0.82,"[""Amount: 68808"", ""Location: Tokyo, JP"", ""Device: Desktop""]",completed,2026-02-09T02:00:00,2026-02-09T02:00:00
USR-0003,266492,Retail,"Paris, FR",Unknown,purchase,fraud,high,0.87,0.9,0.94,"[""Amount: 266492"", ""Location: Paris, FR"", ""Device: Unknown""]",completed,2026-02-09T16:00:00,2026-02-09T16:00:00
USR-0003,160756,Retail,"London, UK",Unknown,transfer,fraud,high,0.93,0.94,0.87,"[""Amount: 160756"", ""Location: London, UK"", ""Device: Unknown""]",completed,2026-02-10T10:00:00,2026-02-10T10:00:00
USR-0003,285327,Entertainment,"Paris, FR",Unknown,purchase,fraud,high,0.89,0.93,0.84,"[""Amount: 285327"", ""Location: Paris, FR"", ""Device: Unknown""]",completed,2026-02-11T23:00:00,2026-02-11T23:00:00
USR-0003,57349,Travel,"Tokyo, JP",Desktop,payment,normal,low,0.14,0.05,0.98,"[""Amount: 57349"", ""Location: Tokyo, JP"", ""Device: Desktop""]",completed,2026-02-12T10:00:00,2026-02-12T10:00:00
USR-0003,143794,Travel,"Tokyo, JP",Mobile,purchase,anomaly,medium,0.41,0.77,0.9,"[""Amount: 143794"", ""Location: Tokyo, JP"", ""Device: Mobile""]",completed,2026-02-13T10:00:00,2026-02-13T10:00:00
USR-0003,45913,Electronics,"Tokyo, JP",Desktop,purchase,normal,low,0.15,0.06,0.91,"[""Amount: 45913"", ""Location: Tokyo, JP"", ""Device: Desktop""]",completed,2026-02-15T01:00:00,2026-02-15T01:00:00
USR-0003,6049,Entertainment,"Tokyo, JP",Desktop,withdrawal,normal,low,0.15,0.13,0.92,"[""Amount: 6049"", ""Location: Tokyo, JP"", ""Device: Desktop""]",completed,2026-02-15T11:00:00,2026-02-15T11:00:00
USR-0003,89201,Entertainment,"Tokyo, JP",Desktop,payment,normal,low,0.11,0.12,0.92,"[""Amount: 89201"", ""Location: Tokyo, JP"", ""Device: Desktop""]",completed,2026-02-17T03:00:00,2026-02-17T03:00:00
USR-0003,79686,Other,"Tokyo, JP",Mobile,purchase,anomaly,medium,0.58,0.77,0.81,"[""Amount: 79686"", ""Location: Tokyo, JP"", ""Device: Mobile""]",completed,2026-02-17T22:00:00,2026-02-17T22:00:00
USR-0003,70661,Entertainment,"Tokyo, JP",Mobile,transfer,anomaly,medium,0.48,0.79,0.97,"[""Amount: 70661"", ""Location: Tokyo, JP"", ""Device: Mobile""]",completed,2026-02-18T19:00:00,2026-02-18T19:00:00
USR-0003,61763,Electronics,"Tokyo, JP",Desktop,withdrawal,normal,low,0.07,0.14,0.85,"[""Amount: 61763"", ""Location: Tokyo, JP"", ""Device: Desktop""]",completed,2026-02-19T11:00:00,2026-02-19T11:00:00
USR-0003,198604,Travel,"Tokyo, JP",Tablet,purchase,anomaly,medium,0.46,0.64,0.87,"[""Amount: 198604"", ""Location: Tokyo, JP"", ""Device: Tablet""]",completed,2026-02-21T03:00:00,2026-02-21T03:00:00
USR-0004,175592,Other,"New York, US",Unknown,purchase,fraud,high,0.93,0.81,0.99,"[""Amount: 175592"", ""Location: New York, US"", ""Device: Unknown""]",completed,2026-02-01T11:00:00,2026-02-01T11:00:00
USR-0004,69419,Other,"Tokyo, JP",Mobile,payment,normal,low,0.15,0.15,0.9,"[""Amount: 69419"", ""Location: Tokyo, JP"", ""Device: Mobile""]",completed,2026-02-03T02:00:00,2026-02-03T02:00:00
USR-0004,90103,Entertainment,"Tokyo, JP",Tablet,transfer,anomaly,medium,0.49,0.74,0.93,"[""Amount: 90103"", ""Location: Tokyo, JP"", ""Device: Tablet""]",completed,2026-02-04T02:00:00,2026-02-04T02:00:00
USR-0004,56722,Travel,"Tokyo, JP",Mobile,purchase,normal,low,0.03,0.19,0.96,"[""Amount: 56722"", ""Location: Tokyo, JP"", ""Device: Mobile""]",completed,2026-02-04T12:00:00,2026-02-04T12:00:00
USR-0004,63511,Entertainment,"Tokyo, JP",Mobile,transfer,normal,low,0.14,0.16,0.92,"[""Amount: 63511"", ""Location: Tokyo, JP"", ""Device: Mobile""]",completed,2026-02-06T04:00:00,2026-02-06T04:00:00
USR-0004,14195,Other,"Tokyo, JP",Mobile,withdrawal,normal,low,0.07,0.19,0.96,"[""Amount: 14195"", ""Location: Tokyo, JP"", ""Device: Mobile""]",completed,2026-02-07T05:00:00,2026-02-07T05:00:00
USR-0004,57073,Electronics,"Tokyo, JP",Mobile,withdrawal,normal,low,0.02,0.05,0.87,"[""Amount: 57073"", ""Location: Tokyo, JP"", ""Device: Mobile""]",completed,2026-02-07T10:00:00,2026-02-07T10:00:00
USR-0004,154895,Other,"Mumbai, IN",Unknown,purchase,fraud,high,0.96,0.95,0.83,"[""Amount: 154895"", ""Location: Mumbai, IN"", ""Device: Unknown""]",completed,2026-02-08T10:00:00,2026-02-08T10:00:00
USR-0004,146559,Electronics,"Tokyo, JP",Tablet,payment,anomaly,medium,0.58,0.61,0.98,"[""Amount: 146559"", ""Location: Tokyo, JP"", ""Device: Tablet""]",completed,2026-02-10T02:00:00,2026-02-10T02:00:00
USR-0004,159715,Other,"London, UK",Unknown,purchase,fraud,high,0.97,0.93,0.89,"[""Amount: 159715"", ""Location: London, UK"", ""Device: Unknown""]",completed,2026-02-11T07:00:00,2026-02-11T07:00:00
USR-0004,16963,Other,"Tokyo, JP",Mobile,transfer,normal,low,0.07,0.09,0.81,"[""Amount: 16963"", ""Location: Tokyo, JP"", ""Device: Mobile""]",completed,2026-02-11T10:00:00,2026-02-11T10:00:00
USR-0004,274481,Entertainment,"Mumbai, IN",Unknown,payment,fraud,high,0.97,0.92,0.99,"[""Amount: 274481"", ""Location: Mumbai, IN"", ""Device: Unknown""]",completed,2026-02-12T10:00:00,2026-02-12T10:00:00
USR-0004,36385,Retail,"Tokyo, JP",Mobile,purchase,normal,low,0.15,0.13,0.95,"[""Amount: 36385"", ""Location: Tokyo, JP"", ""Device: Mobile""]",completed,2026-02-14T02:00:00,2026-02-14T02:00:00
USR-0004,125114,Retail,"Mumbai, IN",Unknown,payment,fraud,high,0.98,0.93,0.85,"[""Amount: 125114"", ""Location: Mumbai, IN"", ""Device: Unknown""]",completed,2026-02-14T16:00:00,2026-02-14T16:00:00
USR-0004,43485,Retail,"Tokyo, JP",Mobile,purchase,normal,low,0.07,0.07,0.98,"[""Amount: 43485"", ""Location: Tokyo, JP"", ""Device: Mobile""]",completed,2026-02-15T19:00:00,2026-02-15T19:00:00
USR-0004,36835,Electronics,"Tokyo, JP",Mobile,withdrawal,normal,low,0.09,0.08,0.93,"[""Amount: 36835"", ""Location: Tokyo, JP"", ""Device: Mobile""]",completed,2026-02-17T07:00:00,2026-02-17T07:00:00
USR-0004,135450,Other,"Paris, FR",Unknown,transfer,fraud,high,0.94,0.85,0.82,"[""Amount: 135450"", ""Location: Paris, FR"", ""Device: Unknown""]",completed,2026-02-18T00:00:00,2026-02-18T00:00:00
USR-0004,211929,Retail,"Mumbai, IN",Unknown,transfer,fraud,high,0.94,0.88,0.95,"[""Amount: 211929"", ""Location: Mumbai, IN"", ""Device: Unknown""]",completed,2026-02-18T16:00:00,2026-02-18T16:00:00
USR-0004,13129,Other,"Tokyo, JP",Mobile,transfer,normal,low,0.08,0.18,0.9,"[""Amount: 13129"", ""Location: Tokyo, JP"", ""Device: Mobile""]",completed,2026-02-19T11:00:00,2026-02-19T11:00:00
USR-0004,104594,Electronics,"Tokyo, JP",Mobile,payment,anomaly,medium,0.57,0.76,0.88,"[""Amount: 104594"", ""Location: Tokyo, JP"", ""Device: Mobile""]",completed,2026-02-20T21:00:00,2026-02-20T21:00:00
USR-0005,195033,Other,"Tokyo, JP",Unknown,transfer,fraud,high,0.87,0.8,0.94,"[""Amount: 195033"", ""Location: Tokyo, JP"", ""Device: Unknown""]",completed,2026-02-01T17:00:00,2026-02-01T17:00:00
USR-0005,53090,Electronics,"New York, US",Desktop,withdrawal,normal,low,0.1,0.16,0.84,"[""Amount: 53090"", ""Location: New York, US"", ""Device: Desktop""]",completed,2026-02-03T01:00:00,2026-02-03T01:00:00
USR-0005,190461,Electronics,"Tokyo, JP",Unknown,purchase,fraud,high,0.87,0.8,0.87,"[""Amount: 190461"", ""Location: Tokyo, JP"", ""Device: Unknown""]",completed,2026-02-03T15:00:00,2026-02-03T15:00:00
USR-0005,25026,Other,"New York, US",Desktop,transfer,normal,low,0.09,0.11,0.88,"[""Amount: 25026"", ""Location: New York, US"", ""Device: Desktop""]",completed,2026-02-04T11:00:00,2026-02-04T11:00:00
USR-0005,90609,Travel,"New York, US",Mobile,transfer,anomaly,medium,0.67,0.6,0.9,"[""Amount: 90609"", ""Location: New York, US"", ""Device: Mobile""]",completed,2026-02-05T12:00:00,2026-02-05T12:00:00
USR-0005,142909,Travel,"New York, US",Mobile,purchase,anomaly,medium,0.64,0.62,0.92,"[""Amount: 142909"", ""Location: New York, US"", ""Device: Mobile""]",completed,2026-02-06T19:00:00,2026-02-06T19:00:00
USR-0005,118895,Retail,"New York, US",Desktop,purchase,normal,low,0.13,0.19,0.83,"[""Amount: 118895"", ""Location: New York, US"", ""Device: Desktop""]",completed,2026-02-08T06:00:00,2026-02-08T06:00:00
USR-0005,274865,Other,"New York, US",Tablet,transfer,anomaly,medium,0.68,0.65,0.85,"[""Amount: 274865"", ""Location: New York, US"", ""Device: Tablet""]",completed,2026-02-08T18:00:00,2026-02-08T18:00:00
USR-0005,65109,Travel,"New York, US",Desktop,transfer,normal,low,0.07,0.2,0.89,"[""Amount: 65109"", ""Location: New York, US"", ""Device: Desktop""]",completed,2026-02-10T03:00:00,2026-02-10T03:00:00
USR-0005,6701,Entertainment,"New York, US",Desktop,withdrawal,normal,low,0.06,0.15,0.85,"[""Amount: 6701"", ""Location: New York, US"", ""Device: Desktop""]",completed,2026-02-10T23:00:00,2026-02-10T23:00:00
USR-0005,101055,Other,"New York, US",Tablet,transfer,anomaly,medium,0.42,0.54,0.82,"[""Amount: 101055"", ""Location: New York, US"", ""Device: Tablet""]",completed,2026-02-12T08:00:00,2026-02-12T08:00:00
USR-0005,15516,Other,"New York, US",Desktop,purchase,normal,low,0.03,0.07,0.92,"[""Amount: 15516"", ""Location: New York, US"", ""Device: Desktop""]",completed,2026-02-12T16:00:00,2026-02-12T16:00:00
USR-0005,173429,Retail,"Mumbai, IN",Unknown,payment,fraud,high,0.88,0.85,0.97,"[""Amount: 173429"", ""Location: Mumbai, IN"", ""Device: Unknown""]",completed,2026-02-13T13:00:00,2026-02-13T13:00:00
USR-0005,49044,Travel,"New York, US",Desktop,purchase,normal,low,0.08,0.15,0.83,"[""Amount: 49044"", ""Location: New York, US"", ""Device: Desktop""]",completed,2026-02-15T05:00:00,2026-02-15T05:00:00
USR-0005,87347,Entertainment,"New York, US",Tablet,payment,anomaly,medium,0.46,0.51,0.83,"[""Amount: 87347"", ""Location: New York, US"", ""Device: Tablet""]",completed,2026-02-15T21:00:00,2026-02-15T21:00:00
USR-0005,190108,Entertainment,"Mumbai, IN",Unknown,withdrawal,fraud,high,0.89,0.83,0.82,"[""Amount: 190108"", ""Location: Mumbai, IN"", ""Device: Unknown""]",completed,2026-02-16T12:00:00,2026-02-16T12:00:00
USR-0005,8767,Electronics,"New York, US",Desktop,withdrawal,normal,low,0.03,0.12,0.84,"[""Amount: 8767"", ""Location: New York, US"", ""Device: Desktop""]",completed,2026-02-17T16:00:00,2026-02-17T16:00:00
USR-0005,34413,Travel,"New York, US",Desktop,transfer,normal,low,0.06,0.13,0.93,"[""Amount: 34413"", ""Location: New York, US"", ""Device: Desktop""]",completed,2026-02-18T23:00:00,2026-02-18T23:00:00
USR-0005,122188,Travel,"Tokyo, JP",Unknown,withdrawal,fraud,high,0.86,0.92,0.92,"[""Amount: 122188"", ""Location: Tokyo, JP"", ""Device: Unknown""]",completed,2026-02-19T23:00:00,2026-02-19T23:00:00
USR-0005,228213,Other,"Tokyo, JP",Unknown,purchase,fraud,high,0.86,0.93,0.97,"[""Amount: 228213"", ""Location: Tokyo, JP"", ""Device: Unknown""]",completed,2026-02-21T08:00:00,2026-02-21T08:00:00
USR-0006,147866,Entertainment,"New York, US",Mobile,transfer,anomaly,medium,0.42,0.58,0.95,"[""Amount: 147866"", ""Location: New York, US"", ""Device: Mobile""]",completed,2026-02-01T17:00:00,2026-02-01T17:00:00
USR-0006,40722,Electronics,"New York, US",Tablet,purchase,normal,low,0.11,0.08,0.84,"[""Amount: 40722"", ""Location: New York, US"", ""Device: Tablet""]",completed,2026-02-03T02:00:00,2026-02-03T02:00:00
USR-0006,43713,Entertainment,"New York, US",Tablet,purchase,normal,low,0.06,0.12,0.92,"[""Amount: 43713"", ""Location: New York, US"", ""Device: Tablet""]",completed,2026-02-03T21:00:00,2026-02-03T21:00:00
USR-0006,56477,Other,"New York, US",Tablet,withdrawal,normal,low,0.06,0.12,0.94,"[""Amount: 56477"", ""Location: New York, US"", ""Device: Tablet""]",completed,2026-02-04T22:00:00,2026-02-04T22:00:00
USR-0006,116332,Retail,"New York, US",Tablet,withdrawal,normal,low,0.02,0.09,0.94,"[""Amount: 116332"", ""Location: New York, US"", ""Device: Tablet""]",completed,2026-02-05T15:00:00,2026-02-05T15:00:00
USR-0006,194936,Travel,"London, UK",Unknown,withdrawal,fraud,high,0.98,0.88,0.9,"[""Amount: 194936"", ""Location: London, UK"", ""Device: Unknown""]",completed,2026-02-07T03:00:00,2026-02-07T03:00:00
USR-0006,51131,Other,"New York, US",Tablet,withdrawal,normal,low,0.03,0.12,0.9,"[""Amount: 51131"", ""Location: New York, US"", ""Device: Tablet""]",completed,2026-02-07T20:00:00,2026-02-07T20:00:00
USR-0006,290146,Retail,"Mumbai, IN",Unknown,purchase,fraud,high,0.88,0.84,0.87,"[""Amount: 290146"", ""Location: Mumbai, IN"", ""Device: Unknown""]",completed,2026-02-08T22:00:00,2026-02-08T22:00:00
USR-0006,24091,Electronics,"New York, US",Tablet,withdrawal,normal,low,0.01,0.1,0.84,"[""Amount: 24091"", ""Location: New York, US"", ""Device: Tablet""]",completed,2026-02-10T00:00:00,2026-02-10T00:00:00
USR-0006,47651,Retail,"New York, US",Tablet,purchase,normal,low,0.06,0.07,0.97,"[""Amount: 47651"", ""Location: New York, US"", ""Device: Tablet""]",completed,2026-02-11T06:00:00,2026-02-11T06:00:00
USR-0006,93312,Retail,"London, UK",Unknown,payment,fraud,high,0.93,0.9,0.95,"[""Amount: 93312"", ""Location: London, UK"", ""Device: Unknown""]",completed,2026-02-11T13:00:00,2026-02-11T13:00:00
USR-0006,34971,Entertainment,"New York, US",Tablet,withdrawal,normal,low,0.08,0.06,0.9,"[""Amount: 34971"", ""Location: New York, US"", ""Device: Tablet""]",completed,2026-02-12T22:00:00,2026-02-12T22:00:00
USR-0006,13211,Retail,"New York, US",Tablet,transfer,normal,low,0.09,0.16,0.88,"[""Amount: 13211"", ""Location: New York, US"", ""Device: Tablet""]",completed,2026-02-13T17:00:00,2026-02-13T17:00:00
USR-0006,57809,Other,"New York, US",Tablet,withdrawal,normal,low,0.03,0.09,0.87,"[""Amount: 57809"", ""Location: New York, US"", ""Device: Tablet""]",completed,2026-02-14T19:00:00,2026-02-14T19:00:00
USR-0006,33171,Other,"New York, US",Tablet,payment,normal,low,0.1,0.14,0.87,"[""Amount: 33171"", ""Location: New York, US"", ""Device: Tablet""]",completed,2026-02-15T22:00:00,2026-02-15T22:00:00
USR-0006,51996,Travel,"New York, US",Tablet,payment,normal,low,0.15,0.14,0.85,"[""Amount: 51996"", ""Location: New York, US"", ""Device: Tablet""]",completed,2026-02-17T08:00:00,2026-02-17T08:00:00
USR-0006,176715,Electronics,"London, UK",Unknown,payment,fraud,high,0.86,0.82,0.85,"[""Amount: 176715"", ""Location: London, UK"", ""Device: Unknown""]",completed,2026-02-17T20:00:00,2026-02-17T20:00:00
USR-0006,181174,Entertainment,"Mumbai, IN",Unknown,purchase,fraud,high,0.87,0.83,0.85,"[""Amount: 181174"", ""Location: Mumbai, IN"", ""Device: Unknown""]",completed,2026-02-18T15:00:00,2026-02-18T15:00:00
USR-0006,62749,Travel,"New York, US",Tablet,purchase,normal,low,0.03,0.18,0.82,"[""Amount: 62749"", ""Location: New York, US"", ""Device: Tablet""]",completed,2026-02-19T12:00:00,2026-02-19T12:00:00
USR-0006,63837,Other,"New York, US",Tablet,purchase,normal,low,0.08,0.11,0.99,"[""Amount: 63837"", ""Location: New York, US"", ""Device: Tablet""]",completed,2026-02-20T17:00:00,2026-02-20T17:00:00
USR-0007,23977,Other,"Tokyo, JP",Tablet,payment,normal,low,0.03,0.11,0.98,"[""Amount: 23977"", ""Location: Tokyo, JP"", ""Device: Tablet""]",completed,2026-02-01T14:00:00,2026-02-01T14:00:00
USR-0007,6342,Travel,"Tokyo, JP",Tablet,withdrawal,normal,low,0.13,0.17,0.85,"[""Amount: 6342"", ""Location: Tokyo, JP"", ""Device: Tablet""]",completed,2026-02-02T18:00:00,2026-02-02T18:00:00
USR-0007,61228,Entertainment,"Tokyo, JP",Tablet,payment,normal,low,0.03,0.15,0.98,"[""Amount: 61228"", ""Location: Tokyo, JP"", ""Device: Tablet""]",completed,2026-02-04T07:00:00,2026-02-04T07:00:00
USR-0007,57332,Entertainment,"Tokyo, JP",Tablet,payment,normal,low,0.09,0.14,0.85,"[""Amount: 57332"", ""Location: Tokyo, JP"", ""Device: Tablet""]",completed,2026-02-05T05:00:00,2026-02-05T05:00:00
USR-0007,117076,Travel,"Tokyo, JP",Tablet,payment,anomaly,medium,0.63,0.56,0.86,"[""Amount: 117076"", ""Location: Tokyo, JP"", ""Device: Tablet""]",completed,2026-02-05T18:00:00,2026-02-05T18:00:00
USR-0007,70163,Other,"Tokyo, JP",Tablet,payment,normal,low,0.07,0.13,0.85,"[""Amount: 70163"", ""Location: Tokyo, JP"", ""Device: Tablet""]",completed,2026-02-06T22:00:00,2026-02-06T22:00:00
USR-0007,54544,Electronics,"Tokyo, JP",Tablet,withdrawal,normal,low,0.03,0.14,0.85,"[""Amount: 54544"", ""Location: Tokyo, JP"", ""Device: Tablet""]",completed,2026-02-07T19:00:00,2026-02-07T19:00:00
USR-0007,285870,Retail,"New York, US",Unknown,purchase,fraud,high,0.93,0.82,0.89,"[""Amount: 285870"", ""Location: New York, US"", ""Device: Unknown""]",completed,2026-02-08T12:00:00,2026-02-08T12:00:00
USR-0007,30100,Travel,"Tokyo, JP",Tablet,transfer,normal,low,0.08,0.06,0.86,"[""Amount: 30100"", ""Location: Tokyo, JP"", ""Device: Tablet""]",completed,2026-02-10T08:00:00,2026-02-10T08:00:00
USR-0007,95121,Retail,"Tokyo, JP",Mobile,transfer,anomaly,medium,0.44,0.52,0.99,"[""Amount: 95121"", ""Location: Tokyo, JP"", ""Device: Mobile""]",completed,2026-02-11T02:00:00,2026-02-11T02:00:00
USR-0007,34161,Electronics,"Tokyo, JP",Tablet,transfer,normal,low,0.06,0.17,0.85,"[""Amount: 34161"", ""Location: Tokyo, JP"", ""Device: Tablet""]",completed,2026-02-11T16:00:00,2026-02-11T16:00:00
USR-0007,295128,Other,"Paris, FR",Unknown,payment,fraud,high,0.95,0.91,0.91,"[""Amount: 295128"", ""Location: Paris, FR"", ""Device: Unknown""]",completed,2026-02-12T16:00:00,2026-02-12T16:00:00
USR-0007,31420,Entertainment,"Tokyo, JP",Tablet,withdrawal,normal,low,0.08,0.11,0.87,"[""Amount: 31420"", ""Location: Tokyo, JP"", ""Device: Tablet""]",completed,2026-02-13T19:00:00,2026-02-13T19:00:00
USR-0007,56116,Other,"Tokyo, JP",Tablet,transfer,normal,low,0.14,0.17,0.98,"[""Amount: 56116"", ""Location: Tokyo, JP"", ""Device: Tablet""]",completed,2026-02-14T17:00:00,2026-02-14T17:00:00
USR-0007,123352,Travel,"London, UK",Unknown,purchase,fraud,high,0.87,0.91,0.98,"[""Amount: 123352"", ""Location: London, UK"", ""Device: Unknown""]",completed,2026-02-16T07:00:00,2026-02-16T07:00:00
USR-0007,3991,Retail,"Tokyo, JP",Tablet,withdrawal,normal,low,0.04,0.06,0.94,"[""Amount: 3991"", ""Location: Tokyo, JP"", ""Device: Tablet""]",completed,2026-02-17T08:00:00,2026-02-17T08:00:00
USR-0007,65441,Retail,"Tokyo, JP",Tablet,withdrawal,normal,low,0.09,0.18,0.83,"[""Amount: 65441"", ""Location: Tokyo, JP"", ""Device: Tablet""]",completed,2026-02-17T16:00:00,2026-02-17T16:00:00
USR-0007,6972,Electronics,"Tokyo, JP",Tablet,transfer,normal,low,0.12,0.08,0.83,"[""Amount: 6972"", ""Location: Tokyo, JP"", ""Device: Tablet""]",completed,2026-02-18T09:00:00,2026-02-18T09:00:00
USR-0007,21081,Entertainment,"Tokyo, JP",Tablet,transfer,normal,low,0.03,0.17,0.93,"[""Amount: 21081"", ""Location: Tokyo, JP"", ""Device: Tablet""]",completed,2026-02-20T07:00:00,2026-02-20T07:00:00
USR-0007,121431,Retail,"Tokyo, JP",Mobile,transfer,anomaly,medium,0.56,0.61,0.97,"[""Amount: 121431"", ""Location: Tokyo, JP"", ""Device: Mobile""]",completed,2026-02-20T20:00:00,2026-02-20T20:00:00
USR-0008,29402,Entertainment,"New York, US",Tablet,payment,normal,low,0.06,0.17,0.88,"[""Amount: 29402"", ""Location: New York, US"", ""Device: Tablet""]",completed,2026-02-01T17:00:00,2026-02-01T17:00:00
USR-0008,93472,Entertainment,"New York, US",Tablet,purchase,anomaly,medium,0.51,0.64,0.86,"[""Amount: 93472"", ""Location: New York, US"", ""Device: Tablet""]",completed,2026-02-02T19:00:00,2026-02-02T19:00:00
USR-0008,77099,Electronics,"New York, US",Mobile,purchase,anomaly,medium,0.62,0.65,0.84,"[""Amount: 77099"", ""Location: New York, US"", ""Device: Mobile""]",completed,2026-02-03T17:00:00,2026-02-03T17:00:00
USR-0008,57292,Entertainment,"New York, US",Tablet,transfer,normal,low,0.14,0.11,0.9,"[""Amount: 57292"", ""Location: New York, US"", ""Device: Tablet""]",completed,2026-02-04T20:00:00,2026-02-04T20:00:00
USR-0008,30911,Entertainment,"New York, US",Tablet,transfer,normal,low,0.14,0.14,0.82,"[""Amount: 30911"", ""Location: New York, US"", ""Device: Tablet""]",completed,2026-02-06T02:00:00,2026-02-06T02:00:00
USR-0008,92614,Travel,"New York, US",Tablet,transfer,normal,low,0.14,0.14,0.86,"[""Amount: 92614"", ""Location: New York, US"", ""Device: Tablet""]",completed,2026-02-06T10:00:00,2026-02-06T10:00:00
USR-0008,140476,Electronics,"New York, US",Mobile,payment,anomaly,medium,0.44,0.74,0.92,"[""Amount: 140476"", ""Location: New York, US"", ""Device: Mobile""]",completed,2026-02-07T13:00:00,2026-02-07T13:00:00
USR-0008,64330,Retail,"New York, US",Tablet,withdrawal,normal,low,0.08,0.18,0.95,"[""Amount: 64330"", ""Location: New York, US"", ""Device: Tablet""]",completed,2026-02-09T00:00:00,2026-02-09T00:00:00
USR-0008,28882,Other,"New York, US",Tablet,withdrawal,normal,low,0.03,0.1,0.85,"[""Amount: 28882"", ""Location: New York, US"", ""Device: Tablet""]",completed,2026-02-09T10:00:00,2026-02-09T10:00:00
USR-0008,17331,Retail,"New York, US",Tablet,withdrawal,normal,low,0.11,0.06,0.91,"[""Amount: 17331"", ""Location: New York, US"", ""Device: Tablet""]",completed,2026-02-10T11:00:00,2026-02-10T11:00:00
USR-0008,45657,Electronics,"New York, US",Tablet,purchase,normal,low,0.12,0.18,0.86,"[""Amount: 45657"", ""Location: New York, US"", ""Device: Tablet""]",completed,2026-02-12T05:00:00,2026-02-12T05:00:00
USR-0008,49155,Other,"New York, US",Tablet,payment,normal,low,0.12,0.07,0.96,"[""Amount: 49155"", ""Location: New York, US"", ""Device: Tablet""]",completed,2026-02-13T03:00:00,2026-02-13T03:00:00
USR-0008,275426,Travel,"Tokyo, JP",Unknown,purchase,fraud,high,0.87,0.86,0.95,"[""Amount: 275426"", ""Location: Tokyo, JP"", ""Device: Unknown""]",completed,2026-02-13T12:00:00,2026-02-13T12:00:00
USR-0008,98138,Other,"New York, US",Mobile,withdrawal,anomaly,medium,0.44,0.57,0.94,"[""Amount: 98138"", ""Location: New York, US"", ""Device: Mobile""]",completed,2026-02-14T21:00:00,2026-02-14T21:00:00
USR-0008,6239,Electronics,"New York, US",Tablet,payment,normal,low,0.11,0.15,0.93,"[""Amount: 6239"", ""Location: New York, US"", ""Device: Tablet""]",completed,2026-02-16T04:00:00,2026-02-16T04:00:00
USR-0008,228815,Electronics,"Paris, FR",Unknown,purchase,fraud,high,0.93,0.84,0.87,"[""Amount: 228815"", ""Location: Paris, FR"", ""Device: Unknown""]",completed,2026-02-16T15:00:00,2026-02-16T15:00:00
USR-0008,24688,Electronics,"New York, US",Tablet,purchase,normal,low,0.04,0.19,0.91,"[""Amount: 24688"", ""Location: New York, US"", ""Device: Tablet""]",completed,2026-02-18T02:00:00,2026-02-18T02:00:00
USR-0008,35944,Travel,"New York, US",Tablet,withdrawal,normal,low,0.07,0.12,0.98,"[""Amount: 35944"", ""Location: New York, US"", ""Device: Tablet""]",completed,2026-02-18T23:00:00,2026-02-18T23:00:00
USR-0008,51779,Other,"New York, US",Tablet,transfer,normal,low,0.03,0.14,0.9,"[""Amount: 51779"", ""Location: New York, US"", ""Device: Tablet""]",completed,2026-02-19T16:00:00,2026-02-19T16:00:00
USR-0008,96189,Other,"New York, US",Tablet,purchase,anomaly,medium,0.58,0.51,0.97,"[""Amount: 96189"", ""Location: New York, US"", ""Device: Tablet""]",completed,2026-02-20T23:00:00,2026-02-20T23:00:00
USR-0009,62358,Other,"Paris, FR",Desktop,purchase,normal,low,0.14,0.13,0.93,"[""Amount: 62358"", ""Location: Paris, FR"", ""Device: Desktop""]",completed,2026-02-01T13:00:00,2026-02-01T13:00:00
USR-0009,58513,Other,"Paris, FR",Desktop,transfer,normal,low,0.14,0.16,0.83,"[""Amount: 58513"", ""Location: Paris, FR"", ""Device: Desktop""]",completed,2026-02-02T14:00:00,2026-02-02T14:00:00
USR-0009,26027,Other,"Paris, FR",Desktop,withdrawal,normal,low,0.09,0.14,0.88,"[""Amount: 26027"", ""Location: Paris, FR"", ""Device: Desktop""]",completed,2026-02-03T23:00:00,2026-02-03T23:00:00
USR-0009,167153,Electronics,"Tokyo, JP",Unknown,payment,fraud,high,0.95,0.94,0.98,"[""Amount: 167153"", ""Location: Tokyo, JP"", ""Device: Unknown""]",completed,2026-02-05T01:00:00,2026-02-05T01:00:00
USR-0009,258212,Electronics,"New York, US",Unknown,payment,fraud,high,0.91,0.82,0.99,"[""Amount: 258212"", ""Location: New York, US"", ""Device: Unknown""]",completed,2026-02-06T08:00:00,2026-02-06T08:00:00
USR-0009,139519,Travel,"Paris, FR",Desktop,payment,normal,low,0.13,0.07,0.97,"[""Amount: 139519"", ""Location: Paris, FR"", ""Device: Desktop""]",completed,2026-02-07T06:00:00,2026-02-07T06:00:00
USR-0009,134379,Entertainment,"London, UK",Unknown,withdrawal,fraud,high,0.97,0.88,0.91,"[""Amount: 134379"", ""Location: London, UK"", ""Device: Unknown""]",completed,2026-02-08T06:00:00,2026-02-08T06:00:00
USR-0009,17705,Other,"Paris, FR",Desktop,purchase,normal,low,0.07,0.06,0.86,"[""Amount: 17705"", ""Location: Paris, FR"", ""Device: Desktop""]",completed,2026-02-08T23:00:00,2026-02-08T23:00:00
USR-0009,239489,Electronics,"Tokyo, JP",Unknown,withdrawal,fraud,high,0.96,0.8,0.86,"[""Amount: 239489"", ""Location: Tokyo, JP"", ""Device: Unknown""]",completed,2026-02-09T22:00:00,2026-02-09T22:00:00
USR-0009,22968,Other,"Paris, FR",Desktop,payment,normal,low,0.07,0.13,0.97,"[""Amount: 22968"", ""Location: Paris, FR"", ""Device: Desktop""]",completed,2026-02-10T19:00:00,2026-02-10T19:00:00
USR-0009,205419,Other,"Tokyo, JP",Unknown,withdrawal,fraud,high,0.9,0.85,0.94,"[""Amount: 205419"", ""Location: Tokyo, JP"", ""Device: Unknown""]",completed,2026-02-11T19:00:00,2026-02-11T19:00:00
USR-0009,242949,Other,"London, UK",Unknown,transfer,fraud,high,0.91,0.83,0.89,"[""Amount: 242949"", ""Location: London, UK"", ""Device: Unknown""]",completed,2026-02-13T02:00:00,2026-02-13T02:00:00
USR-0009,15091,Travel,"Paris, FR",Desktop,payment,normal,low,0.03,0.08,0.89,"[""Amount: 15091"", ""Location: Paris, FR"", ""Device: Desktop""]",completed,2026-02-13T21:00:00,2026-02-13T21:00:00
USR-0009,134946,Entertainment,"Paris, FR",Tablet,transfer,anomaly,medium,0.53,0.77,0.87,"[""Amount: 134946"", ""Location: Paris, FR"", ""Device: Tablet""]",completed,2026-02-15T02:00:00,2026-02-15T02:00:00
USR-0009,227794,Entertainment,"Paris, FR",Tablet,transfer,anomaly,medium,0.57,0.69,0.8,"[""Amount: 227794"", ""Location: Paris, FR"", ""Device: Tablet""]",completed,2026-02-16T00:00:00,2026-02-16T00:00:00
USR-0009,49558,Retail,"Paris, FR",Desktop,withdrawal,normal,low,0.1,0.08,0.98,"[""Amount: 49558"", ""Location: Paris, FR"", ""Device: Desktop""]",completed,2026-02-16T18:00:00,2026-02-16T18:00:00
USR-0009,38443,Travel,"Paris, FR",Desktop,purchase,normal,low,0.03,0.11,0.82,"[""Amount: 38443"", ""Location: Paris, FR"", ""Device: Desktop""]",completed,2026-02-18T05:00:00,2026-02-18T05:00:00
USR-0009,250500,Electronics,"Paris, FR",Mobile,purchase,anomaly,medium,0.7,0.65,0.91,"[""Amount: 250500"", ""Location: Paris, FR"", ""Device: Mobile""]",completed,2026-02-18T18:00:00,2026-02-18T18:00:00
USR-0009,275588,Entertainment,"London, UK",Unknown,withdrawal,fraud,high,0.86,0.91,0.84,"[""Amount: 275588"", ""Location: London, UK"", ""Device: Unknown""]",completed,2026-02-19T12:00:00,2026-02-19T12:00:00
USR-0009,93911,Retail,"New York, US",Unknown,withdrawal,fraud,high,0.98,0.83,0.84,"[""Amount: 93911"", ""Location: New York, US"", ""Device: Unknown""]",completed,2026-02-20T18:00:00,2026-02-20T18:00:00
USR-0010,15371,Entertainment,"Paris, FR",Desktop,purchase,normal,low,0.02,0.12,0.91,"[""Amount: 15371"", ""Location: Paris, FR"", ""Device: Desktop""]",completed,2026-02-01T21:00:00,2026-02-01T21:00:00
USR-0010,208005,Other,"Tokyo, JP",Unknown,transfer,fraud,high,0.86,0.92,0.89,"[""Amount: 208005"", ""Location: Tokyo, JP"", ""Device: Unknown""]",completed,2026-02-02T17:00:00,2026-02-02T17:00:00
USR-0010,113541,Entertainment,"Tokyo, JP",Unknown,withdrawal,fraud,high,0.92,0.87,0.88,"[""Amount: 113541"", ""Location: Tokyo, JP"", ""Device: Unknown""]",completed,2026-02-03T18:00:00,2026-02-03T18:00:00
USR-0010,49708,Other,"Paris, FR",Desktop,withdrawal,normal,low,0.09,0.07,0.83,"[""Amount: 49708"", ""Location: Paris, FR"", ""Device: Desktop""]",completed,2026-02-04T20:00:00,2026-02-04T20:00:00
USR-0010,64828,Entertainment,"Paris, FR",Desktop,purchase,normal,low,0.13,0.19,0.87,"[""Amount: 64828"", ""Location: Paris, FR"", ""Device: Desktop""]",completed,2026-02-05T19:00:00,2026-02-05T19:00:00
USR-0010,56531,Retail,"Paris, FR",Desktop,payment,normal,low,0.05,0.15,0.88,"[""Amount: 56531"", ""Location: Paris, FR"", ""Device: Desktop""]",completed,2026-02-06T16:00:00,2026-02-06T16:00:00
USR-0010,45438,Retail,"Paris, FR",Desktop,withdrawal,normal,low,0.01,0.07,0.94,"[""Amount: 45438"", ""Location: Paris, FR"", ""Device: Desktop""]",completed,2026-02-08T00:00:00,2026-02-08T00:00:00
USR-0010,170567,Electronics,"Tokyo, JP",Unknown,purchase,fraud,high,0.94,0.8,0.84,"[""Amount: 170567"", ""Location: Tokyo, JP"", ""Device: Unknown""]",completed,2026-02-09T05:00:00,2026-02-09T05:00:00
USR-0010,4554,Other,"Paris, FR",Desktop,payment,normal,low,0.04,0.15,0.8,"[""Amount: 4554"", ""Location: Paris, FR"", ""Device: Desktop""]",completed,2026-02-10T03:00:00,2026-02-10T03:00:00
USR-0010,216912,Electronics,"Tokyo, JP",Unknown,purchase,fraud,high,0.86,0.92,0.83,"[""Amount: 216912"", ""Location: Tokyo, JP"", ""Device: Unknown""]",completed,2026-02-10T23:00:00,2026-02-10T23:00:00
USR-0010,9694,Entertainment,"Paris, FR",Desktop,payment,normal,low,0.1,0.09,0.82,"[""Amount: 9694"", ""Location: Paris, FR"", ""Device: Desktop""]",completed,2026-02-12T05:00:00,2026-02-12T05:00:00
USR-0010,52412,Other,"Paris, FR",Desktop,withdrawal,normal,low,0.04,0.16,0.96,"[""Amount: 52412"", ""Location: Paris, FR"", ""Device: Desktop""]",completed,2026-02-12T17:00:00,2026-02-12T17:00:00
USR-0010,79496,Other,"Paris, FR",Mobile,withdrawal,anomaly,medium,0.65,0.62,0.93,"[""Amount: 79496"", ""Location: Paris, FR"", ""Device: Mobile""]",completed,2026-02-13T19:00:00,2026-02-13T19:00:00
USR-0010,238199,Other,"Mumbai, IN",Unknown,purchase,fraud,high,0.88,0.84,0.97,"[""Amount: 238199"", ""Location: Mumbai, IN"", ""Device: Unknown""]",completed,2026-02-14T10:00:00,2026-02-14T10:00:00
USR-0010,135095,Retail,"Paris, FR",Tablet,purchase,anomaly,medium,0.4,0.53,0.84,"[""Amount: 135095"", ""Location: Paris, FR"", ""Device: Tablet""]",completed,2026-02-15T22:00:00,2026-02-15T22:00:00
USR-0010,119666,Other,"Paris, FR",Tablet,transfer,anomaly,medium,0.41,0.55,0.91,"[""Amount: 119666"", ""Location: Paris, FR"", ""Device: Tablet""]",completed,2026-02-16T09:00:00,2026-02-16T09:00:00
USR-0010,132946,Entertainment,"Paris, FR",Desktop,withdrawal,normal,low,0.07,0.18,0.96,"[""Amount: 132946"", ""Location: Paris, FR"", ""Device: Desktop""]",completed,2026-02-17T13:00:00,2026-02-17T13:00:00
USR-0010,68856,Entertainment,"Paris, FR",Desktop,purchase,normal,low,0.06,0.09,0.87,"[""Amount: 68856"", ""Location: Paris, FR"", ""Device: Desktop""]",completed,2026-02-18T14:00:00,2026-02-18T14:00:00
USR-0010,37535,Travel,"Paris, FR",Desktop,purchase,normal,low,0.09,0.09,0.92,"[""Amount: 37535"", ""Location: Paris, FR"", ""Device: Desktop""]",completed,2026-02-19T21:00:00,2026-02-19T21:00:00
USR-0010,26298,Entertainment,"Paris, FR",Desktop,purchase,normal,low,0.07,0.13,0.88,"[""Amount: 26298"", ""Location: Paris, FR"", ""Device: Desktop""]",completed,2026-02-21T03:00:00,2026-02-21T03:00:00
USR-0011,68495,Electronics,"Paris, FR",Tablet,withdrawal,normal,low,0.05,0.19,0.95,"[""Amount: 68495"", ""Location: Paris, FR"", ""Device: Tablet""]",completed,2026-02-02T06:00:00,2026-02-02T06:00:00
USR-0011,267235,Retail,"London, UK",Unknown,transfer,fraud,high,0.87,0.93,0.89,"[""Amount: 267235"", ""Location: London, UK"", ""Device: Unknown""]",completed,2026-02-03T06:00:00,2026-02-03T06:00:00
USR-0011,258777,Other,"Tokyo, JP",Unknown,withdrawal,fraud,high,0.98,0.92,0.88,"[""Amount: 258777"", ""Location: Tokyo, JP"", ""Device: Unknown""]",completed,2026-02-03T18:00:00,2026-02-03T18:00:00
USR-0011,291877,Electronics,"Tokyo, JP",Unknown,purchase,fraud,high,0.85,0.84,0.9,"[""Amount: 291877"", ""Location: Tokyo, JP"", ""Device: Unknown""]",completed,2026-02-04T15:00:00,2026-02-04T15:00:00
USR-0011,64237,Travel,"Paris, FR",Tablet,transfer,normal,low,0.1,0.09,0.83,"[""Amount: 64237"", ""Location: Paris, FR"", ""Device: Tablet""]",completed,2026-02-05T20:00:00,2026-02-05T20:00:00
USR-0011,169873,Other,"Tokyo, JP",Unknown,payment,fraud,high,0.97,0.95,0.9,"[""Amount: 169873"", ""Location: Tokyo, JP"", ""Device: Unknown""]",completed,2026-02-06T18:00:00,2026-02-06T18:00:00
USR-0011,16179,Electronics,"Paris, FR",Tablet,withdrawal,normal,low,0.03,0.09,0.8,"[""Amount: 16179"", ""Location: Paris, FR"", ""Device: Tablet""]",completed,2026-02-08T06:00:00,2026-02-08T06:00:00
USR-0011,250082,Travel,"Mumbai, IN",Unknown,transfer,fraud,high,0.98,0.82,0.91,"[""Amount: 250082"", ""Location: Mumbai, IN"", ""Device: Unknown""]",completed,2026-02-08T18:00:00,2026-02-08T18:00:00
USR-0011,55141,Travel,"Paris, FR",Tablet,transfer,normal,low,0.05,0.13,0.92,"[""Amount: 55141"", ""Location: Paris, FR"", ""Device: Tablet""]",completed,2026-02-09T15:00:00,2026-02-09T15:00:00
USR-0011,232617,Electronics,"Paris, FR",Tablet,payment,anomaly,medium,0.65,0.56,0.8,"[""Amount: 232617"", ""Location: Paris, FR"", ""Device: Tablet""]",completed,2026-02-11T08:00:00,2026-02-11T08:00:00
USR-0011,10396,Electronics,"Paris, FR",Tablet,transfer,normal,low,0.03,0.19,0.97,"[""Amount: 10396"", ""Location: Paris, FR"", ""Device: Tablet""]",completed,2026-02-11T23:00:00,2026-02-11T23:00:00
USR-0011,88313,Retail,"Paris, FR",Mobile,purchase,anomaly,medium,0.58,0.68,0.93,"[""Amount: 88313"", ""Location: Paris, FR"", ""Device: Mobile""]",completed,2026-02-12T11:00:00,2026-02-12T11:00:00
USR-0011,24505,Other,"Paris, FR",Tablet,transfer,normal,low,0.03,0.19,0.88,"[""Amount: 24505"", ""Location: Paris, FR"", ""Device: Tablet""]",completed,2026-02-14T02:00:00,2026-02-14T02:00:00
USR-0011,253892,Other,"Tokyo, JP",Unknown,transfer,fraud,high,0.9,0.88,0.81,"[""Amount: 253892"", ""Location: Tokyo, JP"", ""Device: Unknown""]",completed,2026-02-14T17:00:00,2026-02-14T17:00:00
USR-0011,269654,Entertainment,"Mumbai, IN",Unknown,withdrawal,fraud,high,0.87,0.91,0.82,"[""Amount: 269654"", ""Location: Mumbai, IN"", ""Device: Unknown""]",completed,2026-02-15T23:00:00,2026-02-15T23:00:00
USR-0011,242197,Electronics,"Tokyo, JP",Unknown,transfer,fraud,high,0.93,0.84,0.87,"[""Amount: 242197"", ""Location: Tokyo, JP"", ""Device: Unknown""]",completed,2026-02-17T02:00:00,2026-02-17T02:00:00
USR-0011,62427,Other,"Paris, FR",Tablet,transfer,normal,low,0.05,0.1,0.94,"[""Amount: 62427"", ""Location: Paris, FR"", ""Device: Tablet""]",completed,2026-02-17T23:00:00,2026-02-17T23:00:00
USR-0011,16179,Other,"Paris, FR",Tablet,payment,normal,low,0.05,0.13,0.89,"[""Amount: 16179"", ""Location: Paris, FR"", ""Device: Tablet""]",completed,2026-02-19T05:00:00,2026-02-19T05:00:00
USR-0011,138099,Travel,"Paris, FR",Mobile,purchase,anomaly,medium,0.6,0.78,0.94,"[""Amount: 138099"", ""Location: Paris, FR"", ""Device: Mobile""]",completed,2026-02-20T00:00:00,2026-02-20T00:00:00
USR-0011,139122,Retail,"Paris, FR",Mobile,payment,anomaly,medium,0.46,0.51,0.85,"[""Amount: 139122"", ""Location: Paris, FR"", ""Device: Mobile""]",completed,2026-02-21T05:00:00,2026-02-21T05:00:00
USR-0012,24025,Electronics,"Mumbai, IN",Desktop,payment,normal,low,0.09,0.06,0.89,"[""Amount: 24025"", ""Location: Mumbai, IN"", ""Device: Desktop""]",completed,2026-02-02T00:00:00,2026-02-02T00:00:00
USR-0012,37527,Entertainment,"Mumbai, IN",Desktop,withdrawal,normal,low,0.09,0.1,0.95,"[""Amount: 37527"", ""Location: Mumbai, IN"", ""Device: Desktop""]",completed,2026-02-03T02:00:00,2026-02-03T02:00:00
USR-0012,66497,Travel,"Mumbai, IN",Desktop,withdrawal,normal,low,0.02,0.06,0.94,"[""Amount: 66497"", ""Location: Mumbai, IN"", ""Device: Desktop""]",completed,2026-02-04T06:00:00,2026-02-04T06:00:00
USR-0012,15026,Entertainment,"Mumbai, IN",Desktop,withdrawal,normal,low,0.08,0.15,0.88,"[""Amount: 15026"", ""Location: Mumbai, IN"", ""Device: Desktop""]",completed,2026-02-05T08:00:00,2026-02-05T08:00:00
USR-0012,98731,Electronics,"Mumbai, IN",Mobile,transfer,anomaly,medium,0.47,0.75,0.95,"[""Amount: 98731"", ""Location: Mumbai, IN"", ""Device: Mobile""]",completed,2026-02-06T00:00:00,2026-02-06T00:00:00
USR-0012,69726,Entertainment,"Mumbai, IN",Desktop,transfer,normal,low,0.11,0.09,0.91,"[""Amount: 69726"", ""Location: Mumbai, IN"", ""Device: Desktop""]",completed,2026-02-06T23:00:00,2026-02-06T23:00:00
USR-0012,50615,Other,"Mumbai, IN",Desktop,transfer,normal,low,0.06,0.06,0.97,"[""Amount: 50615"", ""Location: Mumbai, IN"", ""Device: Desktop""]",completed,2026-02-08T06:00:00,2026-02-08T06:00:00
USR-0012,66877,Entertainment,"Mumbai, IN",Desktop,payment,normal,low,0.03,0.19,0.88,"[""Amount: 66877"", ""Location: Mumbai, IN"", ""Device: Desktop""]",completed,2026-02-08T17:00:00,2026-02-08T17:00:00
USR-0012,83428,Travel,"New York, US",Unknown,payment,fraud,high,0.88,0.88,0.97,"[""Amount: 83428"", ""Location: New York, US"", ""Device: Unknown""]",completed,2026-02-09T23:00:00,2026-02-09T23:00:00
USR-0012,11058,Entertainment,"Mumbai, IN",Desktop,purchase,normal,low,0.11,0.17,0.93,"[""Amount: 11058"", ""Location: Mumbai, IN"", ""Device: Desktop""]",completed,2026-02-10T19:00:00,2026-02-10T19:00:00
USR-0012,75469,Travel,"Mumbai, IN",Tablet,purchase,anomaly,medium,0.61,0.75,0.85,"[""Amount: 75469"", ""Location: Mumbai, IN"", ""Device: Tablet""]",completed,2026-02-11T15:00:00,2026-02-11T15:00:00
USR-0012,226256,Travel,"New York, US",Unknown,payment,fraud,high,0.92,0.83,0.99,"[""Amount: 226256"", ""Location: New York, US"", ""Device: Unknown""]",completed,2026-02-12T16:00:00,2026-02-12T16:00:00
USR-0012,2451,Entertainment,"Mumbai, IN",Desktop,transfer,normal,low,0.14,0.06,0.93,"[""Amount: 2451"", ""Location: Mumbai, IN"", ""Device: Desktop""]",completed,2026-02-13T13:00:00,2026-02-13T13:00:00
USR-0012,95051,Entertainment,"Mumbai, IN",Tablet,payment,anomaly,medium,0.68,0.55,0.91,"[""Amount: 95051"", ""Location: Mumbai, IN"", ""Device: Tablet""]",completed,2026-02-14T12:00:00,2026-02-14T12:00:00
USR-0012,16984,Travel,"Mumbai, IN",Desktop,transfer,normal,low,0.14,0.06,0.93,"[""Amount: 16984"", ""Location: Mumbai, IN"", ""Device: Desktop""]",completed,2026-02-15T16:00:00,2026-02-15T16:00:00
USR-0012,145564,Electronics,"Mumbai, IN",Desktop,purchase,normal,low,0.05,0.19,0.98,"[""Amount: 145564"", ""Location: Mumbai, IN"", ""Device: Desktop""]",completed,2026-02-16T17:00:00,2026-02-16T17:00:00
USR-0012,115253,Retail,"Mumbai, IN",Tablet,withdrawal,anomaly,medium,0.68,0.64,0.96,"[""Amount: 115253"", ""Location: Mumbai, IN"", ""Device: Tablet""]",completed,2026-02-18T01:00:00,2026-02-18T01:00:00
USR-0012,100447,Travel,"Mumbai, IN",Mobile,purchase,anomaly,medium,0.65,0.6,0.96,"[""Amount: 100447"", ""Location: Mumbai, IN"", ""Device: Mobile""]",completed,2026-02-19T01:00:00,2026-02-19T01:00:00
USR-0012,234045,Retail,"Paris, FR",Unknown,payment,fraud,high,0.86,0.89,0.84,"[""Amount: 234045"", ""Location: Paris, FR"", ""Device: Unknown""]",completed,2026-02-19T10:00:00,2026-02-19T10:00:00
USR-0012,15272,Retail,"Mumbai, IN",Desktop,withdrawal,normal,low,0.03,0.06,0.93,"[""Amount: 15272"", ""Location: Mumbai, IN"", ""Device: Desktop""]",completed,2026-02-21T00:00:00,2026-02-21T00:00:00
USR-0013,78329,Travel,"Paris, FR",Unknown,purchase,fraud,high,0.9,0.91,0.81,"[""Amount: 78329"", ""Location: Paris, FR"", ""Device: Unknown""]",completed,2026-02-01T11:00:00,2026-02-01T11:00:00
USR-0013,55020,Travel,"London, UK",Mobile,transfer,normal,low,0.05,0.13,0.95,"[""Amount: 55020"", ""Location: London, UK"", ""Device: Mobile""]",completed,2026-02-02T17:00:00,2026-02-02T17:00:00
USR-0013,7197,Travel,"London, UK",Mobile,transfer,normal,low,0.05,0.14,0.97,"[""Amount: 7197"", ""Location: London, UK"", ""Device: Mobile""]",completed,2026-02-04T04:00:00,2026-02-04T04:00:00
USR-0013,36325,Retail,"London, UK",Mobile,payment,normal,low,0.1,0.08,0.8,"[""Amount: 36325"", ""Location: London, UK"", ""Device: Mobile""]",completed,2026-02-05T04:00:00,2026-02-05T04:00:00
USR-0013,93284,Retail,"London, UK",Tablet,withdrawal,anomaly,medium,0.66,0.51,0.97,"[""Amount: 93284"", ""Location: London, UK"", ""Device: Tablet""]",completed,2026-02-05T12:00:00,2026-02-05T12:00:00
USR-0013,175122,Retail,"Tokyo, JP",Unknown,withdrawal,fraud,high,0.92,0.94,0.95,"[""Amount: 175122"", ""Location: Tokyo, JP"", ""Device: Unknown""]",completed,2026-02-06T22:00:00,2026-02-06T22:00:00
USR-0013,132812,Other,"London, UK",Mobile,purchase,anomaly,medium,0.7,0.61,0.95,"[""Amount: 132812"", ""Location: London, UK"", ""Device: Mobile""]",completed,2026-02-07T19:00:00,2026-02-07T19:00:00
USR-0013,112963,Electronics,"London, UK",Tablet,withdrawal,anomaly,medium,0.52,0.64,0.92,"[""Amount: 112963"", ""Location: London, UK"", ""Device: Tablet""]",completed,2026-02-09T00:00:00,2026-02-09T00:00:00
USR-0013,26079,Other,"London, UK",Mobile,purchase,normal,low,0.13,0.2,0.95,"[""Amount: 26079"", ""Location: London, UK"", ""Device: Mobile""]",completed,2026-02-10T08:00:00,2026-02-10T08:00:00
USR-0013,27001,Travel,"London, UK",Mobile,transfer,normal,low,0.07,0.11,0.94,"[""Amount: 27001"", ""Location: London, UK"", ""Device: Mobile""]",completed,2026-02-11T03:00:00,2026-02-11T03:00:00
USR-0013,85078,Electronics,"London, UK",Mobile,transfer,anomaly,medium,0.47,0.53,0.87,"[""Amount: 85078"", ""Location: London, UK"", ""Device: Mobile""]",completed,2026-02-11T22:00:00,2026-02-11T22:00:00
USR-0013,267666,Entertainment,"London, UK",Tablet,withdrawal,anomaly,medium,0.49,0.59,0.84,"[""Amount: 267666"", ""Location: London, UK"", ""Device: Tablet""]",completed,2026-02-12T20:00:00,2026-02-12T20:00:00
USR-0013,69720,Other,"London, UK",Mobile,transfer,normal,low,0.02,0.05,0.99,"[""Amount: 69720"", ""Location: London, UK"", ""Device: Mobile""]",completed,2026-02-13T12:00:00,2026-02-13T12:00:00
USR-0013,14293,Travel,"London, UK",Mobile,purchase,normal,low,0.07,0.11,0.93,"[""Amount: 14293"", ""Location: London, UK"", ""Device: Mobile""]",completed,2026-02-14T17:00:00,2026-02-14T17:00:00
USR-0013,157531,Travel,"Mumbai, IN",Unknown,transfer,fraud,high,0.88,0.94,0.95,"[""Amount: 157531"", ""Location: Mumbai, IN"", ""Device: Unknown""]",completed,2026-02-16T02:00:00,2026-02-16T02:00:00
USR-0013,8510,Other,"London, UK",Mobile,transfer,normal,low,0.02,0.11,0.97,"[""Amount: 8510"", ""Location: London, UK"", ""Device: Mobile""]",completed,2026-02-16T17:00:00,2026-02-16T17:00:00
USR-0013,132424,Entertainment,"London, UK",Mobile,withdrawal,normal,low,0.14,0.12,0.92,"[""Amount: 132424"", ""Location: London, UK"", ""Device: Mobile""]",completed,2026-02-17T14:00:00,2026-02-17T14:00:00
USR-0013,71431,Electronics,"London, UK",Mobile,payment,normal,low,0.03,0.2,0.84,"[""Amount: 71431"", ""Location: London, UK"", ""Device: Mobile""]",completed,2026-02-19T08:00:00,2026-02-19T08:00:00
USR-0013,79557,Other,"London, UK",Mobile,purchase,anomaly,medium,0.68,0.69,0.92,"[""Amount: 79557"", ""Location: London, UK"", ""Device: Mobile""]",completed,2026-02-19T15:00:00,2026-02-19T15:00:00
USR-0013,962,Other,"London, UK",Mobile,payment,normal,low,0.08,0.08,0.83,"[""Amount: 962"", ""Location: London, UK"", ""Device: Mobile""]",completed,2026-02-21T08:00:00,2026-02-21T08:00:00
USR-0014,143997,Retail,"London, UK",Mobile,withdrawal,anomaly,medium,0.47,0.56,0.95,"[""Amount: 143997"", ""Location: London, UK"", ""Device: Mobile""]",completed,2026-02-01T10:00:00,2026-02-01T10:00:00
USR-0014,33391,Retail,"London, UK",Desktop,transfer,normal,low,0.06,0.06,0.98,"[""Amount: 33391"", ""Location: London, UK"", ""Device: Desktop""]",completed,2026-02-02T23:00:00,2026-02-02T23:00:00
USR-0014,10633,Electronics,"London, UK",Desktop,transfer,normal,low,0.13,0.19,0.99,"[""Amount: 10633"", ""Location: London, UK"", ""Device: Desktop""]",completed,2026-02-04T01:00:00,2026-02-04T01:00:00
USR-0014,50533,Travel,"London, UK",Desktop,withdrawal,normal,low,0.03,0.11,0.94,"[""Amount: 50533"", ""Location: London, UK"", ""Device: Desktop""]",completed,2026-02-04T18:00:00,2026-02-04T18:00:00
USR-0014,6147,Electronics,"London, UK",Desktop,purchase,normal,low,0.11,0.07,0.96,"[""Amount: 6147"", ""Location: London, UK"", ""Device: Desktop""]",completed,2026-02-05T18:00:00,2026-02-05T18:00:00
USR-0014,3443,Electronics,"London, UK",Desktop,payment,normal,low,0.04,0.08,0.9,"[""Amount: 3443"", ""Location: London, UK"", ""Device: Desktop""]",completed,2026-02-07T04:00:00,2026-02-07T04:00:00
USR-0014,50826,Entertainment,"London, UK",Desktop,transfer,normal,low,0.09,0.14,0.82,"[""Amount: 50826"", ""Location: London, UK"", ""Device: Desktop""]",completed,2026-02-07T15:00:00,2026-02-07T15:00:00
USR-0014,48099,Electronics,"London, UK",Desktop,withdrawal,normal,low,0.13,0.09,0.82,"[""Amount: 48099"", ""Location: London, UK"", ""Device: Desktop""]",completed,2026-02-08T12:00:00,2026-02-08T12:00:00
USR-0014,100682,Travel,"London, UK",Tablet,transfer,anomaly,medium,0.67,0.79,0.96,"[""Amount: 100682"", ""Location: London, UK"", ""Device: Tablet""]",completed,2026-02-09T14:00:00,2026-02-09T14:00:00
USR-0014,15089,Electronics,"London, UK",Desktop,withdrawal,normal,low,0.12,0.15,0.9,"[""Amount: 15089"", ""Location: London, UK"", ""Device: Desktop""]",completed,2026-02-11T08:00:00,2026-02-11T08:00:00
USR-0014,49130,Other,"London, UK",Desktop,withdrawal,normal,low,0.02,0.11,0.87,"[""Amount: 49130"", ""Location: London, UK"", ""Device: Desktop""]",completed,2026-02-11T11:00:00,2026-02-11T11:00:00
USR-0014,147454,Retail,"London, UK",Desktop,transfer,normal,low,0.05,0.16,0.89,"[""Amount: 147454"", ""Location: London, UK"", ""Device: Desktop""]",completed,2026-02-13T07:00:00,2026-02-13T07:00:00
USR-0014,66228,Other,"London, UK",Desktop,purchase,normal,low,0.02,0.08,0.93,"[""Amount: 66228"", ""Location: London, UK"", ""Device: Desktop""]",completed,2026-02-13T09:00:00,2026-02-13T09:00:00
USR-0014,283611,Electronics,"Paris, FR",Unknown,withdrawal,fraud,high,0.86,0.93,0.89,"[""Amount: 283611"", ""Location: Paris, FR"", ""Device: Unknown""]",completed,2026-02-15T04:00:00,2026-02-15T04:00:00
USR-0014,299817,Travel,"Tokyo, JP",Unknown,payment,fraud,high,0.92,0.89,0.96,"[""Amount: 299817"", ""Location: Tokyo, JP"", ""Device: Unknown""]",completed,2026-02-15T16:00:00,2026-02-15T16:00:00
USR-0014,98228,Other,"London, UK",Desktop,purchase,normal,low,0.06,0.15,0.91,"[""Amount: 98228"", ""Location: London, UK"", ""Device: Desktop""]",completed,2026-02-16T18:00:00,2026-02-16T18:00:00
USR-0014,35321,Electronics,"London, UK",Desktop,payment,normal,low,0.05,0.18,0.95,"[""Amount: 35321"", ""Location: London, UK"", ""Device: Desktop""]",completed,2026-02-17T14:00:00,2026-02-17T14:00:00
USR-0014,27728,Other,"London, UK",Desktop,transfer,normal,low,0.1,0.18,0.96,"[""Amount: 27728"", ""Location: London, UK"", ""Device: Desktop""]",completed,2026-02-18T15:00:00,2026-02-18T15:00:00
USR-0014,132292,Electronics,"London, UK",Tablet,purchase,anomaly,medium,0.61,0.75,0.93,"[""Amount: 132292"", ""Location: London, UK"", ""Device: Tablet""]",completed,2026-02-20T05:00:00,2026-02-20T05:00:00
USR-0014,7388,Travel,"London, UK",Desktop,purchase,normal,low,0.11,0.14,0.94,"[""Amount: 7388"", ""Location: London, UK"", ""Device: Desktop""]",completed,2026-02-20T14:00:00,2026-02-20T14:00:00
USR-0015,8145,Travel,"London, UK",Desktop,withdrawal,normal,low,0.03,0.18,0.97,"[""Amount: 8145"", ""Location: London, UK"", ""Device: Desktop""]",completed,2026-02-02T03:00:00,2026-02-02T03:00:00
USR-0015,241006,Other,"London, UK",Mobile,purchase,anomaly,medium,0.41,0.75,0.82,"[""Amount: 241006"", ""Location: London, UK"", ""Device: Mobile""]",completed,2026-02-03T03:00:00,2026-02-03T03:00:00
USR-0015,34165,Retail,"London, UK",Desktop,transfer,normal,low,0.06,0.16,0.83,"[""Amount: 34165"", ""Location: London, UK"", ""Device: Desktop""]",completed,2026-02-04T00:00:00,2026-02-04T00:00:00
USR-0015,132032,Other,"London, UK",Tablet,withdrawal,anomaly,medium,0.65,0.75,0.9,"[""Amount: 132032"", ""Location: London, UK"", ""Device: Tablet""]",completed,2026-02-05T03:00:00,2026-02-05T03:00:00
USR-0015,77521,Other,"London, UK",Desktop,transfer,normal,low,0.01,0.09,0.92,"[""Amount: 77521"", ""Location: London, UK"", ""Device: Desktop""]",completed,2026-02-05T10:00:00,2026-02-05T10:00:00
USR-0015,19274,Travel,"London, UK",Desktop,withdrawal,normal,low,0.15,0.14,0.85,"[""Amount: 19274"", ""Location: London, UK"", ""Device: Desktop""]",completed,2026-02-06T11:00:00,2026-02-06T11:00:00
USR-0015,45429,Electronics,"London, UK",Desktop,withdrawal,normal,low,0.1,0.13,0.95,"[""Amount: 45429"", ""Location: London, UK"", ""Device: Desktop""]",completed,2026-02-08T02:00:00,2026-02-08T02:00:00
USR-0015,200669,Travel,"Paris, FR",Unknown,withdrawal,fraud,high,0.86,0.91,0.9,"[""Amount: 200669"", ""Location: Paris, FR"", ""Device: Unknown""]",completed,2026-02-09T03:00:00,2026-02-09T03:00:00
USR-0015,69984,Retail,"London, UK",Desktop,payment,normal,low,0.14,0.1,0.92,"[""Amount: 69984"", ""Location: London, UK"", ""Device: Desktop""]",completed,2026-02-09T10:00:00,2026-02-09T10:00:00
USR-0015,276468,Travel,"Mumbai, IN",Unknown,purchase,fraud,high,0.98,0.82,0.98,"[""Amount: 276468"", ""Location: Mumbai, IN"", ""Device: Unknown""]",completed,2026-02-10T19:00:00,2026-02-10T19:00:00
USR-0015,138673,Retail,"London, UK",Desktop,withdrawal,normal,low,0.11,0.06,0.86,"[""Amount: 138673"", ""Location: London, UK"", ""Device: Desktop""]",completed,2026-02-12T07:00:00,2026-02-12T07:00:00
USR-0015,13724,Entertainment,"London, UK",Desktop,transfer,normal,low,0.11,0.06,0.91,"[""Amount: 13724"", ""Location: London, UK"", ""Device: Desktop""]",completed,2026-02-13T04:00:00,2026-02-13T04:00:00
USR-0015,58126,Retail,"London, UK",Desktop,withdrawal,normal,low,0.06,0.14,0.81,"[""Amount: 58126"", ""Location: London, UK"", ""Device: Desktop""]",completed,2026-02-13T18:00:00,2026-02-13T18:00:00
USR-0015,100651,Electronics,"London, UK",Mobile,transfer,anomaly,medium,0.66,0.79,0.98,"[""Amount: 100651"", ""Location: London, UK"", ""Device: Mobile""]",completed,2026-02-15T06:00:00,2026-02-15T06:00:00
USR-0015,17794,Retail,"London, UK",Desktop,transfer,normal,low,0.11,0.07,0.94,"[""Amount: 17794"", ""Location: London, UK"", ""Device: Desktop""]",completed,2026-02-16T06:00:00,2026-02-16T06:00:00
USR-0015,11600,Travel,"London, UK",Desktop,purchase,normal,low,0.01,0.05,0.86,"[""Amount: 11600"", ""Location: London, UK"", ""Device: Desktop""]",completed,2026-02-17T06:00:00,2026-02-17T06:00:00
USR-0015,64678,Entertainment,"London, UK",Desktop,transfer,normal,low,0.08,0.17,0.93,"[""Amount: 64678"", ""Location: London, UK"", ""Device: Desktop""]",completed,2026-02-18T03:00:00,2026-02-18T03:00:00
USR-0015,64670,Retail,"London, UK",Desktop,purchase,normal,low,0.07,0.09,0.99,"[""Amount: 64670"", ""Location: London, UK"", ""Device: Desktop""]",completed,2026-02-19T05:00:00,2026-02-19T05:00:00
USR-0015,31733,Other,"London, UK",Desktop,withdrawal,normal,low,0.07,0.12,0.83,"[""Amount: 31733"", ""Location: London, UK"", ""Device: Desktop""]",completed,2026-02-19T11:00:00,2026-02-19T11:00:00
USR-0015,80983,Retail,"London, UK",Tablet,transfer,anomaly,medium,0.64,0.71,0.84,"[""Amount: 80983"", ""Location: London, UK"", ""Device: Tablet""]",completed,2026-02-20T19:00:00,2026-02-20T19:00:00
USR-0016,18933,Other,"London, UK",Mobile,withdrawal,normal,low,0.02,0.15,0.92,"[""Amount: 18933"", ""Location: London, UK"", ""Device: Mobile""]",completed,2026-02-01T15:00:00,2026-02-01T15:00:00
USR-0016,1581,Entertainment,"London, UK",Mobile,payment,normal,low,0.05,0.19,0.83,"[""Amount: 1581"", ""Location: London, UK"", ""Device: Mobile""]",completed,2026-02-02T13:00:00,2026-02-02T13:00:00
USR-0016,28424,Travel,"London, UK",Mobile,payment,normal,low,0.07,0.19,0.88,"[""Amount: 28424"", ""Location: London, UK"", ""Device: Mobile""]",completed,2026-02-03T12:00:00,2026-02-03T12:00:00
USR-0016,109961,Entertainment,"London, UK",Mobile,purchase,anomaly,medium,0.59,0.62,0.85,"[""Amount: 109961"", ""Location: London, UK"", ""Device: Mobile""]",completed,2026-02-05T04:00:00,2026-02-05T04:00:00
USR-0016,23063,Travel,"London, UK",Mobile,purchase,normal,low,0.15,0.11,0.97,"[""Amount: 23063"", ""Location: London, UK"", ""Device: Mobile""]",completed,2026-02-06T07:00:00,2026-02-06T07:00:00
USR-0016,112951,Retail,"London, UK",Tablet,transfer,anomaly,medium,0.47,0.56,0.81,"[""Amount: 112951"", ""Location: London, UK"", ""Device: Tablet""]",completed,2026-02-06T10:00:00,2026-02-06T10:00:00
USR-0016,120729,Other,"London, UK",Tablet,withdrawal,anomaly,medium,0.6,0.61,0.96,"[""Amount: 120729"", ""Location: London, UK"", ""Device: Tablet""]",completed,2026-02-07T23:00:00,2026-02-07T23:00:00
USR-0016,171253,Retail,"Tokyo, JP",Unknown,transfer,fraud,high,0.92,0.95,0.84,"[""Amount: 171253"", ""Location: Tokyo, JP"", ""Device: Unknown""]",completed,2026-02-08T15:00:00,2026-02-08T15:00:00
USR-0016,96390,Entertainment,"London, UK",Tablet,purchase,anomaly,medium,0.66,0.73,0.95,"[""Amount: 96390"", ""Location: London, UK"", ""Device: Tablet""]",completed,2026-02-10T01:00:00,2026-02-10T01:00:00
USR-0016,149025,Travel,"Paris, FR",Unknown,payment,fraud,high,0.97,0.91,0.92,"[""Amount: 149025"", ""Location: Paris, FR"", ""Device: Unknown""]",completed,2026-02-10T10:00:00,2026-02-10T10:00:00
USR-0016,76852,Electronics,"London, UK",Mobile,purchase,anomaly,medium,0.44,0.51,0.97,"[""Amount: 76852"", ""Location: London, UK"", ""Device: Mobile""]",completed,2026-02-12T01:00:00,2026-02-12T01:00:00
USR-0016,72551,Entertainment,"London, UK",Mobile,withdrawal,normal,low,0.1,0.17,0.89,"[""Amount: 72551"", ""Location: London, UK"", ""Device: Mobile""]",completed,2026-02-13T01:00:00,2026-02-13T01:00:00
USR-0016,49959,Retail,"London, UK",Mobile,transfer,normal,low,0.03,0.07,0.93,"[""Amount: 49959"", ""Location: London, UK"", ""Device: Mobile""]",completed,2026-02-13T16:00:00,2026-02-13T16:00:00
USR-0016,183243,Entertainment,"Paris, FR",Unknown,withdrawal,fraud,high,0.91,0.83,0.89,"[""Amount: 183243"", ""Location: Paris, FR"", ""Device: Unknown""]",completed,2026-02-14T22:00:00,2026-02-14T22:00:00
USR-0016,207828,Electronics,"Paris, FR",Unknown,transfer,fraud,high,0.86,0.89,0.85,"[""Amount: 207828"", ""Location: Paris, FR"", ""Device: Unknown""]",completed,2026-02-15T20:00:00,2026-02-15T20:00:00
USR-0016,76710,Entertainment,"London, UK",Mobile,withdrawal,anomaly,medium,0.64,0.59,0.89,"[""Amount: 76710"", ""Location: London, UK"", ""Device: Mobile""]",completed,2026-02-16T13:00:00,2026-02-16T13:00:00
USR-0016,41646,Electronics,"London, UK",Mobile,payment,normal,low,0.01,0.06,0.87,"[""Amount: 41646"", ""Location: London, UK"", ""Device: Mobile""]",completed,2026-02-17T09:00:00,2026-02-17T09:00:00
USR-0016,107991,Travel,"London, UK",Mobile,withdrawal,normal,low,0.08,0.14,0.86,"[""Amount: 107991"", ""Location: London, UK"", ""Device: Mobile""]",completed,2026-02-18T13:00:00,2026-02-18T13:00:00
USR-0016,7771,Entertainment,"London, UK",Mobile,transfer,normal,low,0.11,0.18,0.95,"[""Amount: 7771"", ""Location: London, UK"", ""Device: Mobile""]",completed,2026-02-19T18:00:00,2026-02-19T18:00:00
USR-0016,38511,Retail,"London, UK",Mobile,withdrawal,normal,low,0.02,0.12,0.82,"[""Amount: 38511"", ""Location: London, UK"", ""Device: Mobile""]",completed,2026-02-20T16:00:00,2026-02-20T16:00:00
USR-0017,66594,Travel,"London, UK",Desktop,purchase,normal,low,0.04,0.2,0.83,"[""Amount: 66594"", ""Location: London, UK"", ""Device: Desktop""]",completed,2026-02-01T09:00:00,2026-02-01T09:00:00
USR-0017,282970,Entertainment,"London, UK",Mobile,withdrawal,anomaly,medium,0.55,0.69,0.93,"[""Amount: 282970"", ""Location: London, UK"", ""Device: Mobile""]",completed,2026-02-02T18:00:00,2026-02-02T18:00:00
USR-0017,135031,Electronics,"London, UK",Desktop,transfer,normal,low,0.09,0.05,0.86,"[""Amount: 135031"", ""Location: London, UK"", ""Device: Desktop""]",completed,2026-02-04T06:00:00,2026-02-04T06:00:00
USR-0017,17871,Travel,"London, UK",Desktop,payment,normal,low,0.08,0.06,0.87,"[""Amount: 17871"", ""Location: London, UK"", ""Device: Desktop""]",completed,2026-02-05T01:00:00,2026-02-05T01:00:00
USR-0017,68643,Electronics,"London, UK",Desktop,withdrawal,normal,low,0.01,0.06,0.88,"[""Amount: 68643"", ""Location: London, UK"", ""Device: Desktop""]",completed,2026-02-06T00:00:00,2026-02-06T00:00:00
USR-0017,274661,Electronics,"Paris, FR",Unknown,transfer,fraud,high,0.87,0.89,0.93,"[""Amount: 274661"", ""Location: Paris, FR"", ""Device: Unknown""]",completed,2026-02-06T17:00:00,2026-02-06T17:00:00
USR-0017,63787,Electronics,"London, UK",Desktop,transfer,normal,low,0.12,0.08,0.83,"[""Amount: 63787"", ""Location: London, UK"", ""Device: Desktop""]",completed,2026-02-08T06:00:00,2026-02-08T06:00:00
USR-0017,55200,Travel,"London, UK",Desktop,transfer,normal,low,0.02,0.15,0.93,"[""Amount: 55200"", ""Location: London, UK"", ""Device: Desktop""]",completed,2026-02-08T20:00:00,2026-02-08T20:00:00
USR-0017,202756,Retail,"Tokyo, JP",Unknown,purchase,fraud,high,0.85,0.94,0.81,"[""Amount: 202756"", ""Location: Tokyo, JP"", ""Device: Unknown""]",completed,2026-02-09T14:00:00,2026-02-09T14:00:00
USR-0017,206481,Electronics,"Tokyo, JP",Unknown,transfer,fraud,high,0.93,0.91,0.97,"[""Amount: 206481"", ""Location: Tokyo, JP"", ""Device: Unknown""]",completed,2026-02-10T11:00:00,2026-02-10T11:00:00
USR-0017,1925,Electronics,"London, UK",Desktop,transfer,normal,low,0.11,0.17,0.86,"[""Amount: 1925"", ""Location: London, UK"", ""Device: Desktop""]",completed,2026-02-11T15:00:00,2026-02-11T15:00:00
USR-0017,96170,Other,"Tokyo, JP",Unknown,payment,fraud,high,0.96,0.81,0.97,"[""Amount: 96170"", ""Location: Tokyo, JP"", ""Device: Unknown""]",completed,2026-02-13T01:00:00,2026-02-13T01:00:00
USR-0017,86154,Other,"London, UK",Tablet,transfer,anomaly,medium,0.56,0.75,0.89,"[""Amount: 86154"", ""Location: London, UK"", ""Device: Tablet""]",completed,2026-02-13T15:00:00,2026-02-13T15:00:00
USR-0017,56226,Retail,"London, UK",Desktop,withdrawal,normal,low,0.1,0.13,0.94,"[""Amount: 56226"", ""Location: London, UK"", ""Device: Desktop""]",completed,2026-02-14T20:00:00,2026-02-14T20:00:00
USR-0017,94217,Retail,"London, UK",Tablet,withdrawal,anomaly,medium,0.42,0.52,0.85,"[""Amount: 94217"", ""Location: London, UK"", ""Device: Tablet""]",completed,2026-02-15T21:00:00,2026-02-15T21:00:00
USR-0017,33794,Other,"London, UK",Desktop,payment,normal,low,0.03,0.18,0.84,"[""Amount: 33794"", ""Location: London, UK"", ""Device: Desktop""]",completed,2026-02-17T01:00:00,2026-02-17T01:00:00
USR-0017,119416,Travel,"London, UK",Tablet,transfer,anomaly,medium,0.69,0.6,0.83,"[""Amount: 119416"", ""Location: London, UK"", ""Device: Tablet""]",completed,2026-02-17T11:00:00,2026-02-17T11:00:00
USR-0017,1445,Other,"London, UK",Desktop,transfer,normal,low,0.12,0.15,0.89,"[""Amount: 1445"", ""Location: London, UK"", ""Device: Desktop""]",completed,2026-02-18T11:00:00,2026-02-18T11:00:00
USR-0017,30890,Retail,"London, UK",Desktop,purchase,normal,low,0.09,0.16,0.84,"[""Amount: 30890"", ""Location: London, UK"", ""Device: Desktop""]",completed,2026-02-20T04:00:00,2026-02-20T04:00:00
USR-0017,299960,Travel,"London, UK",Mobile,withdrawal,anomaly,medium,0.7,0.79,0.92,"[""Amount: 299960"", ""Location: London, UK"", ""Device: Mobile""]",completed,2026-02-20T20:00:00,2026-02-20T20:00:00
USR-0018,47105,Retail,"New York, US",Tablet,transfer,normal,low,0.04,0.15,0.81,"[""Amount: 47105"", ""Location: New York, US"", ""Device: Tablet""]",completed,2026-02-02T05:00:00,2026-02-02T05:00:00
USR-0018,1387,Entertainment,"New York, US",Tablet,payment,normal,low,0.01,0.09,0.89,"[""Amount: 1387"", ""Location: New York, US"", ""Device: Tablet""]",completed,2026-02-03T08:00:00,2026-02-03T08:00:00
USR-0018,36916,Retail,"New York, US",Tablet,payment,normal,low,0.13,0.16,0.94,"[""Amount: 36916"", ""Location: New York, US"", ""Device: Tablet""]",completed,2026-02-04T04:00:00,2026-02-04T04:00:00
USR-0018,26356,Other,"New York, US",Tablet,transfer,normal,low,0.07,0.1,0.87,"[""Amount: 26356"", ""Location: New York, US"", ""Device: Tablet""]",completed,2026-02-04T16:00:00,2026-02-04T16:00:00
USR-0018,45896,Electronics,"New York, US",Tablet,purchase,normal,low,0.15,0.06,0.96,"[""Amount: 45896"", ""Location: New York, US"", ""Device: Tablet""]",completed,2026-02-06T03:00:00,2026-02-06T03:00:00
USR-0018,183866,Travel,"New York, US",Tablet,purchase,anomaly,medium,0.57,0.63,0.94,"[""Amount: 183866"", ""Location: New York, US"", ""Device: Tablet""]",completed,2026-02-06T20:00:00,2026-02-06T20:00:00
USR-0018,42655,Other,"New York, US",Tablet,transfer,normal,low,0.08,0.18,0.97,"[""Amount: 42655"", ""Location: New York, US"", ""Device: Tablet""]",completed,2026-02-07T21:00:00,2026-02-07T21:00:00
USR-0018,56715,Electronics,"New York, US",Tablet,purchase,normal,low,0.07,0.09,0.91,"[""Amount: 56715"", ""Location: New York, US"", ""Device: Tablet""]",completed,2026-02-08T12:00:00,2026-02-08T12:00:00
USR-0018,41518,Travel,"New York, US",Tablet,payment,normal,low,0.14,0.08,0.92,"[""Amount: 41518"", ""Location: New York, US"", ""Device: Tablet""]",completed,2026-02-09T21:00:00,2026-02-09T21:00:00
USR-0018,58867,Retail,"New York, US",Tablet,purchase,normal,low,0.1,0.16,0.82,"[""Amount: 58867"", ""Location: New York, US"", ""Device: Tablet""]",completed,2026-02-10T17:00:00,2026-02-10T17:00:00
USR-0018,237969,Entertainment,"Tokyo, JP",Unknown,payment,fraud,high,0.95,0.94,0.83,"[""Amount: 237969"", ""Location: Tokyo, JP"", ""Device: Unknown""]",completed,2026-02-11T18:00:00,2026-02-11T18:00:00
USR-0018,11287,Retail,"New York, US",Tablet,purchase,normal,low,0.04,0.2,0.83,"[""Amount: 11287"", ""Location: New York, US"", ""Device: Tablet""]",completed,2026-02-12T11:00:00,2026-02-12T11:00:00
USR-0018,217494,Other,"Paris, FR",Unknown,payment,fraud,high,0.97,0.87,0.85,"[""Amount: 217494"", ""Location: Paris, FR"", ""Device: Unknown""]",completed,2026-02-13T23:00:00,2026-02-13T23:00:00
USR-0018,39347,Other,"New York, US",Tablet,purchase,normal,low,0.13,0.12,0.9,"[""Amount: 39347"", ""Location: New York, US"", ""Device: Tablet""]",completed,2026-02-14T18:00:00,2026-02-14T18:00:00
USR-0018,91447,Travel,"New York, US",Mobile,purchase,anomaly,medium,0.51,0.68,0.83,"[""Amount: 91447"", ""Location: New York, US"", ""Device: Mobile""]",completed,2026-02-16T07:00:00,2026-02-16T07:00:00
USR-0018,64078,Entertainment,"New York, US",Tablet,purchase,normal,low,0.06,0.2,0.85,"[""Amount: 64078"", ""Location: New York, US"", ""Device: Tablet""]",completed,2026-02-16T15:00:00,2026-02-16T15:00:00
USR-0018,141906,Retail,"New York, US",Mobile,purchase,anomaly,medium,0.6,0.6,0.95,"[""Amount: 141906"", ""Location: New York, US"", ""Device: Mobile""]",completed,2026-02-17T09:00:00,2026-02-17T09:00:00
USR-0018,259869,Retail,"New York, US",Mobile,withdrawal,anomaly,medium,0.44,0.79,0.89,"[""Amount: 259869"", ""Location: New York, US"", ""Device: Mobile""]",completed,2026-02-18T11:00:00,2026-02-18T11:00:00
USR-0018,203798,Electronics,"New York, US",Mobile,withdrawal,anomaly,medium,0.47,0.52,0.83,"[""Amount: 203798"", ""Location: New York, US"", ""Device: Mobile""]",completed,2026-02-20T03:00:00,2026-02-20T03:00:00
USR-0018,51739,Other,"New York, US",Tablet,purchase,normal,low,0.08,0.1,0.96,"[""Amount: 51739"", ""Location: New York, US"", ""Device: Tablet""]",completed,2026-02-21T01:00:00,2026-02-21T01:00:00
USR-0019,11249,Retail,"Tokyo, JP",Tablet,payment,normal,low,0.07,0.09,0.92,"[""Amount: 11249"", ""Location: Tokyo, JP"", ""Device: Tablet""]",completed,2026-02-01T13:00:00,2026-02-01T13:00:00
USR-0019,236661,Entertainment,"Mumbai, IN",Unknown,transfer,fraud,high,0.95,0.83,0.83,"[""Amount: 236661"", ""Location: Mumbai, IN"", ""Device: Unknown""]",completed,2026-02-03T01:00:00,2026-02-03T01:00:00
USR-0019,217990,Electronics,"New York, US",Unknown,transfer,fraud,high,0.86,0.91,0.93,"[""Amount: 217990"", ""Location: New York, US"", ""Device: Unknown""]",completed,2026-02-03T16:00:00,2026-02-03T16:00:00
USR-0019,16023,Other,"Tokyo, JP",Tablet,purchase,normal,low,0.08,0.18,0.95,"[""Amount: 16023"", ""Location: Tokyo, JP"", ""Device: Tablet""]",completed,2026-02-05T02:00:00,2026-02-05T02:00:00
USR-0019,135677,Travel,"Tokyo, JP",Tablet,purchase,anomaly,medium,0.58,0.76,0.84,"[""Amount: 135677"", ""Location: Tokyo, JP"", ""Device: Tablet""]",completed,2026-02-06T04:00:00,2026-02-06T04:00:00
USR-0019,15837,Travel,"Tokyo, JP",Tablet,transfer,normal,low,0.03,0.09,0.81,"[""Amount: 15837"", ""Location: Tokyo, JP"", ""Device: Tablet""]",completed,2026-02-07T04:00:00,2026-02-07T04:00:00
USR-0019,162109,Electronics,"London, UK",Unknown,payment,fraud,high,0.92,0.94,0.81,"[""Amount: 162109"", ""Location: London, UK"", ""Device: Unknown""]",completed,2026-02-08T03:00:00,2026-02-08T03:00:00
USR-0019,289544,Travel,"Mumbai, IN",Unknown,withdrawal,fraud,high,0.87,0.87,0.98,"[""Amount: 289544"", ""Location: Mumbai, IN"", ""Device: Unknown""]",completed,2026-02-09T03:00:00,2026-02-09T03:00:00
USR-0019,131709,Other,"Tokyo, JP",Mobile,withdrawal,anomaly,medium,0.49,0.65,0.81,"[""Amount: 131709"", ""Location: Tokyo, JP"", ""Device: Mobile""]",completed,2026-02-09T09:00:00,2026-02-09T09:00:00
USR-0019,104518,Retail,"Tokyo, JP",Tablet,transfer,normal,low,0.03,0.2,0.98,"[""Amount: 104518"", ""Location: Tokyo, JP"", ""Device: Tablet""]",completed,2026-02-11T06:00:00,2026-02-11T06:00:00
USR-0019,54130,Electronics,"Tokyo, JP",Tablet,purchase,normal,low,0.01,0.19,0.92,"[""Amount: 54130"", ""Location: Tokyo, JP"", ""Device: Tablet""]",completed,2026-02-12T07:00:00,2026-02-12T07:00:00
USR-0019,91778,Retail,"Tokyo, JP",Tablet,purchase,normal,low,0.13,0.12,0.9,"[""Amount: 91778"", ""Location: Tokyo, JP"", ""Device: Tablet""]",completed,2026-02-13T00:00:00,2026-02-13T00:00:00
USR-0019,5875,Other,"Tokyo, JP",Tablet,transfer,normal,low,0.08,0.15,0.83,"[""Amount: 5875"", ""Location: Tokyo, JP"", ""Device: Tablet""]",completed,2026-02-13T13:00:00,2026-02-13T13:00:00
USR-0019,178365,Other,"Tokyo, JP",Tablet,payment,anomaly,medium,0.41,0.59,0.93,"[""Amount: 178365"", ""Location: Tokyo, JP"", ""Device: Tablet""]",completed,2026-02-14T20:00:00,2026-02-14T20:00:00
USR-0019,11802,Electronics,"Tokyo, JP",Tablet,transfer,normal,low,0.04,0.15,0.98,"[""Amount: 11802"", ""Location: Tokyo, JP"", ""Device: Tablet""]",completed,2026-02-15T23:00:00,2026-02-15T23:00:00
USR-0019,52942,Electronics,"Tokyo, JP",Tablet,payment,normal,low,0.02,0.15,0.88,"[""Amount: 52942"", ""Location: Tokyo, JP"", ""Device: Tablet""]",completed,2026-02-16T13:00:00,2026-02-16T13:00:00
USR-0019,50885,Travel,"Tokyo, JP",Tablet,withdrawal,normal,low,0.13,0.08,0.93,"[""Amount: 50885"", ""Location: Tokyo, JP"", ""Device: Tablet""]",completed,2026-02-17T21:00:00,2026-02-17T21:00:00
USR-0019,52675,Other,"Tokyo, JP",Tablet,transfer,normal,low,0.13,0.19,0.93,"[""Amount: 52675"", ""Location: Tokyo, JP"", ""Device: Tablet""]",completed,2026-02-18T14:00:00,2026-02-18T14:00:00
USR-0019,50237,Retail,"Tokyo, JP",Tablet,withdrawal,normal,low,0.08,0.14,0.97,"[""Amount: 50237"", ""Location: Tokyo, JP"", ""Device: Tablet""]",completed,2026-02-19T14:00:00,2026-02-19T14:00:00
USR-0019,7616,Retail,"Tokyo, JP",Tablet,payment,normal,low,0.09,0.05,0.98,"[""Amount: 7616"", ""Location: Tokyo, JP"", ""Device: Tablet""]",completed,2026-02-20T18:00:00,2026-02-20T18:00:00
USR-0020,47533,Entertainment,"London, UK",Mobile,transfer,normal,low,0.11,0.15,0.84,"[""Amount: 47533"", ""Location: London, UK"", ""Device: Mobile""]",completed,2026-02-01T16:00:00,2026-02-01T16:00:00
USR-0020,12040,Retail,"London, UK",Mobile,withdrawal,normal,low,0.1,0.11,0.92,"[""Amount: 12040"", ""Location: London, UK"", ""Device: Mobile""]",completed,2026-02-02T18:00:00,2026-02-02T18:00:00
USR-0020,33562,Electronics,"London, UK",Mobile,withdrawal,normal,low,0.02,0.15,0.99,"[""Amount: 33562"", ""Location: London, UK"", ""Device: Mobile""]",completed,2026-02-03T09:00:00,2026-02-03T09:00:00
USR-0020,84849,Other,"London, UK",Mobile,withdrawal,normal,low,0.02,0.2,0.88,"[""Amount: 84849"", ""Location: London, UK"", ""Device: Mobile""]",completed,2026-02-04T17:00:00,2026-02-04T17:00:00
USR-0020,55669,Electronics,"London, UK",Mobile,purchase,normal,low,0.13,0.17,0.91,"[""Amount: 55669"", ""Location: London, UK"", ""Device: Mobile""]",completed,2026-02-05T21:00:00,2026-02-05T21:00:00
USR-0020,24367,Electronics,"London, UK",Mobile,withdrawal,normal,low,0.11,0.18,0.88,"[""Amount: 24367"", ""Location: London, UK"", ""Device: Mobile""]",completed,2026-02-06T18:00:00,2026-02-06T18:00:00
USR-0020,52431,Other,"London, UK",Mobile,payment,normal,low,0.06,0.15,0.95,"[""Amount: 52431"", ""Location: London, UK"", ""Device: Mobile""]",completed,2026-02-08T02:00:00,2026-02-08T02:00:00
USR-0020,55106,Retail,"London, UK",Mobile,transfer,normal,low,0.12,0.17,0.88,"[""Amount: 55106"", ""Location: London, UK"", ""Device: Mobile""]",completed,2026-02-08T12:00:00,2026-02-08T12:00:00
USR-0020,99165,Entertainment,"London, UK",Mobile,purchase,anomaly,medium,0.65,0.54,0.9,"[""Amount: 99165"", ""Location: London, UK"", ""Device: Mobile""]",completed,2026-02-09T19:00:00,2026-02-09T19:00:00
USR-0020,245998,Electronics,"London, UK",Tablet,purchase,anomaly,medium,0.4,0.6,0.87,"[""Amount: 245998"", ""Location: London, UK"", ""Device: Tablet""]",completed,2026-02-10T21:00:00,2026-02-10T21:00:00
USR-0020,149151,Travel,"London, UK",Tablet,purchase,anomaly,medium,0.52,0.71,0.87,"[""Amount: 149151"", ""Location: London, UK"", ""Device: Tablet""]",completed,2026-02-12T00:00:00,2026-02-12T00:00:00
USR-0020,43746,Other,"London, UK",Mobile,purchase,normal,low,0.07,0.09,0.87,"[""Amount: 43746"", ""Location: London, UK"", ""Device: Mobile""]",completed,2026-02-13T04:00:00,2026-02-13T04:00:00
USR-0020,68380,Other,"London, UK",Mobile,transfer,normal,low,0.04,0.06,0.91,"[""Amount: 68380"", ""Location: London, UK"", ""Device: Mobile""]",completed,2026-02-14T04:00:00,2026-02-14T04:00:00
USR-0020,47203,Travel,"London, UK",Mobile,withdrawal,normal,low,0.1,0.14,0.89,"[""Amount: 47203"", ""Location: London, UK"", ""Device: Mobile""]",completed,2026-02-15T01:00:00,2026-02-15T01:00:00
USR-0020,199879,Other,"London, UK",Tablet,transfer,anomaly,medium,0.51,0.76,0.9,"[""Amount: 199879"", ""Location: London, UK"", ""Device: Tablet""]",completed,2026-02-15T18:00:00,2026-02-15T18:00:00
USR-0020,182174,Travel,"London, UK",Tablet,withdrawal,anomaly,medium,0.54,0.51,0.86,"[""Amount: 182174"", ""Location: London, UK"", ""Device: Tablet""]",completed,2026-02-16T22:00:00,2026-02-16T22:00:00
USR-0020,7381,Travel,"London, UK",Mobile,purchase,normal,low,0.06,0.11,0.91,"[""Amount: 7381"", ""Location: London, UK"", ""Device: Mobile""]",completed,2026-02-18T05:00:00,2026-02-18T05:00:00
USR-0020,134046,Entertainment,"London, UK",Mobile,purchase,anomaly,medium,0.56,0.68,0.95,"[""Amount: 134046"", ""Location: London, UK"", ""Device: Mobile""]",completed,2026-02-19T03:00:00,2026-02-19T03:00:00
USR-0020,27449,Electronics,"London, UK",Mobile,purchase,normal,low,0.12,0.16,0.98,"[""Amount: 27449"", ""Location: London, UK"", ""Device: Mobile""]",completed,2026-02-20T07:00:00,2026-02-20T07:00:00
USR-0020,15367,Retail,"London, UK",Mobile,purchase,normal,low,0.01,0.08,0.8,"[""Amount: 15367"", ""Location: London, UK"", ""Device: Mobile""]",completed,2026-02-20T19:00:00,2026-02-20T19:00:00
